combination_id,max_weight,cardinality,sector_max,objective,annual_return,annual_volatility,sharpe_ratio,selected_assets
881,0.18,17,0.1,72.40333042271195,0.23602176164842023,0.12134863597553786,1.78017461763614,10
855,0.18,10,0.2,0.1448751023645497,0.24495828911254386,0.12691924141622038,1.772452203482789,10
657,0.15,9,0.1,104.86888933360032,0.22077927901716216,0.12074836827049544,1.6627908260208106,9
979,0.2,9,0.2,1.510571782908959,0.25010266003667236,0.1386973825818215,1.6590266936070575,7
988,0.2,11,0.25,0.05608512454560853,0.2574494955356442,0.14429048695858562,1.6456351388140869,11
185,0.07,19,0.1,473.1031215231406,0.21784527416570232,0.12065696360412329,1.6397335740590544,9
924,0.19,11,0.25,0.020698211996751897,0.2656869639178233,0.15027770264138718,1.6348863444107509,11
861,0.18,12,0.1,38.960129624044974,0.20647851668565922,0.115309878666826,1.6171946310382168,10
709,0.16,6,0.1,441.87065958225446,0.2443448223723074,0.13891479480163108,1.6149814905796718,6
528,0.13,8,0.25,0.010775436673396283,0.25955075228167745,0.1503383704459448,1.5934105948541566,8
506,0.12,19,0.15,4.063483413136551,0.2283839397501991,0.13147424354270795,1.584979187824784,12
462,0.12,8,0.15,43.37474610715088,0.22392142494179293,0.12997553324957462,1.5689216258126821,8
373,0.1,18,0.1,63.914865615813184,0.22060243341505395,0.12814564072945378,1.5654253416124695,11
590,0.14,8,0.15,0.19198203690255194,0.23686802910294458,0.13867985761534757,1.5638033729776775,8
255,0.08,20,0.2,15.32567576915046,0.2313243141721703,0.13537978086362581,1.5609739713277189,15
596,0.14,9,0.25,0.05028174120022251,0.2175844420595841,0.12707448390591583,1.5548710959618997,9
158,0.07,12,0.15,199.8093411220152,0.2308076178298071,0.13622234958781032,1.547525927042672,12
327,0.1,6,0.2,401.51546083914485,0.24845001060947466,0.14934865996304042,1.5296421853802344,6
688,0.15,16,0.25,0.030616517263702042,0.2195947165796133,0.13201420797372165,1.5119184491062054,16
513,0.13,5,0.1,850.5055040843554,0.23512322892682938,0.14258821002285352,1.5087027804918107,5
672,0.15,12,0.25,0.036170079993282936,0.2269653408473472,0.13749727573317083,1.5052323018311076,12
412,0.11,11,0.25,0.08771679327598957,0.20832768837003543,0.12514501557075491,1.504875663733951,11
961,0.2,5,0.1,500.4853902680513,0.21396016599748768,0.12938586514757625,1.4990831168169616,5
618,0.14,15,0.15,1.1395847510741148,0.22385636449468824,0.13610975954335736,1.4977351012786884,15
908,0.19,7,0.25,0.06802326652465952,0.2318246261392522,0.14202520617379652,1.4914579731716213,7
623,0.14,16,0.2,0.021097261930238892,0.22489724766733024,0.13781063648150654,1.4868028542544782,16
438,0.11,18,0.15,4.783715174230353,0.24435604663590457,0.15124868826791718,1.4833586274711177,13
594,0.14,9,0.15,0.5869646911129406,0.22618863154168525,0.1404208452031548,1.468361988872667,9
798,0.17,12,0.15,3.1549966709478947,0.21236455989868808,0.13130835892049367,1.464983352774697,10
571,0.13,19,0.2,0.3053547873074479,0.20876581878071182,0.1295198571471941,1.4574276326307793,19
817,0.17,17,0.1,39.23617943355156,0.20613255973179953,0.1278180253287013,1.4562309130745414,11
859,0.18,11,0.2,0.009204688628408814,0.22061424983099548,0.13828820299636008,1.4506967730014968,11
429,0.11,16,0.1,80.65523715383189,0.19239797307191125,0.11897502040848298,1.4490266316408986,10
738,0.16,13,0.15,4.179324874983912,0.23548642450934082,0.14875116487333923,1.448636887602368,8
898,0.19,5,0.15,300.34896009955685,0.23311321308222285,0.14776133525422092,1.442279962586729,5
876,0.18,15,0.25,0.04880379833375312,0.20342615716048135,0.12741174917605752,1.4396329879046172,15
235,0.08,15,0.2,0.057891003682371406,0.21969012554745576,0.13882410782020826,1.438439826359809,15
356,0.1,13,0.25,-0.0005949827865082413,0.22319988627043752,0.14145642684980295,1.436483946298129,13
313,0.09,19,0.1,175.150551442058,0.2176377769809003,0.13901597804774204,1.42169108728657,10
446,0.11,20,0.15,51.99767002731637,0.23483145731721708,0.15133893213668023,1.419538609689635,11
872,0.18,14,0.25,0.03356910633891849,0.20617277740796275,0.1311906631017416,1.4191008186579648,14
540,0.13,11,0.25,0.0788082342979328,0.23532302640871913,0.15309962444284467,1.4064242625827197,11
164,0.07,13,0.25,92.84832113637313,0.2074379289627247,0.1335441794416588,1.4035649456711092,13
728,0.16,10,0.25,6.958501060427835e-05,0.23367897667549092,0.15302988824685365,1.3963218500872443,10
629,0.14,18,0.1,75.87273222719826,0.22778911792910994,0.1490529566734138,1.3940623692852432,10
768,0.16,20,0.25,2.5090662075836,0.20401007550867487,0.13221121352067292,1.3917887190401028,10
378,0.1,19,0.15,3.8630625193012196,0.202118899958494,0.13093212172725638,1.390941333234211,14
1020,0.2,19,0.25,0.026310588373052765,0.18062623406662293,0.11553099503014679,1.390330222852395,19
806,0.17,14,0.15,1.2543461405390959,0.20127590215625335,0.13064525722142448,1.3875429235752308,14
909,0.19,8,0.1,202.6090461001958,0.20561273251569417,0.1338093154727891,1.3871435771109644,8
379,0.1,19,0.2,0.494670639787918,0.23913782891960828,0.15820590537412674,1.3851431677053343,19
463,0.12,8,0.2,44.25870392878607,0.21723746213157938,0.14263702080320342,1.3827929174411762,8
1012,0.2,17,0.25,0.05383784690149809,0.22480303890464387,0.14858914061105677,1.3783176755879571,17
458,0.12,7,0.15,162.0966906288104,0.2120509598605954,0.1393994888140692,1.3777020381814504,7
756,0.16,17,0.25,0.004896955933886615,0.21157556037369377,0.13938964180103025,1.374388784549397,17
194,0.08,5,0.15,850.638087377574,0.23980039696393207,0.16054641731207686,1.3690769351562349,5
456,0.12,6,0.25,281.412414158832,0.21443971267249246,0.1421315013283689,1.3680268684651054,6
557,0.13,16,0.1,68.67013497487342,0.191033335953954,0.12555515993620667,1.3622167025302214,10
92,0.06,11,0.25,343.4211683772808,0.18161741697881406,0.11874184639706599,1.3610822290768043,11
287,0.09,12,0.2,0.04230253347172569,0.19942875834727772,0.13203721176341657,1.3589256842894943,12
883,0.18,17,0.2,0.023005119724064868,0.20755050888144694,0.13842235487591023,1.3549148838681297,17
420,0.11,13,0.25,0.04504537930717993,0.18214347109149492,0.11972564347716694,1.354291915937103,13
213,0.08,10,0.1,384.35255237143303,0.20630640828641839,0.1391517207221327,1.3388724718571556,9
744,0.16,14,0.25,0.06963905696690095,0.19270883921813314,0.12917799019905413,1.3369834826505744,14
972,0.2,7,0.25,0.1437648607840427,0.22008959561453018,0.14973081574117947,1.3363287618789141,7
474,0.12,11,0.15,2.743665366198029,0.22949981086372162,0.15730563575423648,1.3318010499701978,10
736,0.16,12,0.25,0.05266532446745634,0.18681625626509737,0.12548667339582453,1.3293543589199015,12
399,0.11,8,0.2,122.19740515381193,0.23319723112106142,0.16064724941614109,1.327114108059172,8
795,0.17,11,0.2,0.03590047976950214,0.2214417664104905,0.15179830680636802,1.3270356609935514,11
739,0.16,13,0.2,0.22637827659373835,0.20815507358807553,0.1418154673348241,1.3267598882133522,13
97,0.06,13,0.1,427.6799982621886,0.19487405123214668,0.13215917980405517,1.3232077521321062,10
934,0.19,14,0.15,0.08625942789652484,0.23209436156854624,0.16035341393795938,1.32266820119343,14
615,0.14,14,0.2,0.7160838631659437,0.21245218698111745,0.14567056433310274,1.3211467111573747,14
433,0.11,17,0.1,96.56556482750369,0.22136574238061865,0.15245552020374376,1.320816341130256,10
55,0.05,18,0.2,105.39303444988293,0.1927343547620769,0.13077941171346774,1.3208069412372851,18
481,0.12,13,0.1,56.86095961498192,0.19895114079481632,0.13555538717217855,1.320133006351992,10
852,0.18,9,0.25,0.0251332864470952,0.27184367475771937,0.1910765491927021,1.3180250314429385,9
919,0.19,10,0.2,0.062482929101654414,0.2108935432436563,0.14511857719463295,1.3154314694501863,10
592,0.14,8,0.25,0.044052069567201285,0.2433760013745636,0.16994157969411183,1.3144281804172449,8
706,0.16,5,0.15,450.30381491238796,0.25521041066787525,0.1795556611301097,1.3099582000783423,5
679,0.15,14,0.2,0.16091762701007128,0.17604300847465987,0.1194916837892068,1.3058901132394505,14
764,0.16,19,0.25,0.08769998255581084,0.20272091985271995,0.14007456929887865,1.3044546256133496,19
732,0.16,11,0.25,0.09522730745367862,0.21941964174562043,0.1528864174899655,1.3043646716276092,11
465,0.12,9,0.1,273.63848470633286,0.19250404447123548,0.13238028985863484,1.303094627270024,8
607,0.14,12,0.2,0.0349858732393465,0.20297159844022783,0.14051101351476097,1.3021868810376653,12
310,0.09,18,0.15,4.635340761272606,0.1802533185346829,0.12326605920885036,1.3000603699284718,15
604,0.14,11,0.25,0.1016909412179212,0.2107952753545702,0.14689165323569034,1.2988843896285633,11
111,0.06,16,0.2,44.62703222305435,0.1999617166296021,0.13865843911678524,1.297877848444761,16
74,0.06,7,0.15,582.0132306309531,0.18403542510234921,0.12653447246852537,1.2963694549179234,7
232,0.08,14,0.25,0.006399018492434641,0.2367274703619933,0.16740820573391624,1.2946048218596085,14
600,0.14,10,0.25,0.03487241937678928,0.19769336540321802,0.13761614787763324,1.2912246719855944,10
43,0.05,15,0.2,253.83184343209354,0.17315664013880616,0.11864584973293256,1.2908722933297383,15
717,0.16,8,0.1,204.5138589074475,0.22091125278953966,0.15565689089973514,1.290731503296919,8
46,0.05,16,0.15,205.8105785091732,0.16541586958497845,0.11301720192743181,1.2866702334247293,16
130,0.07,5,0.15,900.6277824649412,0.2254436680331719,0.16002686623048842,1.2838073560552588,5
499,0.12,17,0.2,0.017792206175957795,0.19303767346266698,0.13484096489794883,1.2832722874211588,17
424,0.11,14,0.25,0.03544244287031749,0.1933728318166597,0.13512112180270308,1.28309201036541,14
650,0.15,7,0.15,0.14524591881722437,0.23742308755556238,0.16945478804179365,1.2830743236475444,7
300,0.09,15,0.25,0.016326682634358713,0.21125040111362142,0.14934445547838074,1.2805992730095497,15
1005,0.2,16,0.1,58.76285985806687,0.18771006433204768,0.1312671991448197,1.2776235451403408,10
292,0.09,13,0.25,0.02562590476213132,0.1739549547339279,0.12085844719051671,1.273845215727777,13
53,0.05,18,0.1,457.3720418692398,0.1940863897352177,0.13680490766105521,1.2725156773361541,11
873,0.18,15,0.1,52.315421051003405,0.20258335075114334,0.14382698701880164,1.2694651715625198,10
564,0.13,17,0.25,0.046082455164851474,0.2092042555897924,0.14922856938024523,1.2678822585753418,17
94,0.06,12,0.15,309.9601506137548,0.20244646578681064,0.14404059600075048,1.2666322609902285,12
245,0.08,18,0.1,251.9887345857686,0.18996093838684286,0.13438242787646962,1.264755675817069,10
601,0.14,11,0.1,38.19129345026196,0.19280075726113735,0.13682368405795264,1.2629447778057663,10
780,0.17,7,0.25,0.12127201369388463,0.2263115477098419,0.1638767070007957,1.2589436991117973,7
913,0.19,9,0.1,105.09982851819302,0.23016866497479307,0.1671630316144235,1.2572676084241277,9
936,0.19,14,0.25,0.08224330407282643,0.19051465661494385,0.1356512615521626,1.2570075255022608,14
80,0.06,8,0.25,521.7546864584829,0.2221525360806017,0.1616337002180242,1.2506830927456498,8
172,0.07,15,0.25,0.039537095450358065,0.1712754906735172,0.12103586895597694,1.2498401670379133,15
187,0.07,19,0.2,0.17767821531902311,0.17330557277187106,0.12272735395941038,1.2491556920763875,19
177,0.07,17,0.1,338.3516689465535,0.18284862080394718,0.13074687722520378,1.24552589140198,10
364,0.1,15,0.25,0.05751418213827811,0.16802883936141333,0.11940353276990603,1.2397358430480367,15
885,0.18,18,0.1,77.28602339825909,0.1851885798563062,0.1332599898663555,1.2395962210560831,10
807,0.17,14,0.2,0.3348006516909548,0.1802588322000693,0.12946094230064378,1.2378932931594486,14
306,0.09,17,0.15,0.08683586305114134,0.20154897231265428,0.14669934701655285,1.2375581487228378,17
335,0.1,8,0.2,202.39541627098205,0.19450132380944346,0.14118734282373746,1.2359558606276497,8
85,0.06,10,0.1,564.2591854598699,0.1886493344253129,0.1368957608170267,1.2319543966794388,9
519,0.13,6,0.2,220.6802987988557,0.18771010971445112,0.1365321967868192,1.228355755355735,6
984,0.2,10,0.25,0.040360446343370285,0.1822233198723933,0.13207654053297177,1.228252339270619,10
69,0.06,6,0.1,1041.370413946869,0.19793167912440723,0.1459208901968825,1.2193708446017184,6
336,0.1,8,0.25,201.74248602654146,0.21892096711084996,0.16399091497376966,1.2129999222375665,8
156,0.07,11,0.25,232.8743695124293,0.1956259145070743,0.1448555183068882,1.2124212909514192,11
823,0.17,18,0.2,0.07097088956316164,0.182372453281748,0.13403071442069434,1.2114570453761433,18
651,0.15,7,0.2,0.10275882237737818,0.2175900565311547,0.1634249102360105,1.2090571519715356,7
162,0.07,13,0.15,109.91938720650066,0.17430385506086932,0.12776706112510477,1.2076966762957841,13
735,0.16,12,0.2,0.01854625028843182,0.21539984866039044,0.16184050555106771,1.2073605924243316,12
968,0.2,6,0.25,0.030765282804001384,0.18107380928379446,0.13343303523209893,1.2071509053482599,6
664,0.15,10,0.25,0.09906356346435338,0.2098327161799063,0.1573526075687151,1.2064160811380726,10
868,0.18,13,0.25,0.01855155038182678,0.19887583431027447,0.14842147780513423,1.2051883390160314,13
962,0.2,5,0.15,250.75380233080017,0.2066656882707142,0.15514622093737085,1.2031597491895538,5
927,0.19,12,0.2,0.01984986589810704,0.18880946056354808,0.1403894310822306,1.2024371012991069,12
654,0.15,8,0.15,0.6471839037587575,0.19098905563301002,0.14232660731748673,1.2013850316236812,8
180,0.07,17,0.25,0.04634244696312646,0.16391439649157835,0.11999704336944654,1.1993161868871647,17
749,0.16,16,0.1,33.86790005425989,0.19104384607944813,0.1426578504836402,1.1989795549251123,11
220,0.08,11,0.25,123.17627824813952,0.18678218502471533,0.1392269221423303,1.197916196511301,11
598,0.14,10,0.15,3.151474158873628,0.16888056279338134,0.12479077503804827,1.1930414147038368,9
355,0.1,13,0.2,0.03528881718100667,0.1675710448743149,0.12388978665085452,1.1911477843625542,13
168,0.07,14,0.25,23.71757284444367,0.1722816669668456,0.12816924691321632,1.1881295289965763,14
251,0.08,19,0.2,0.09347244235442743,0.17091252634988835,0.12711180534801586,1.1872424118020286,19
393,0.11,7,0.1,531.5884053118236,0.17377325215765377,0.12958016306982353,1.186703647492664,7
99,0.06,13,0.2,224.81351584364057,0.16797511232883391,0.12471148085020721,1.1865396138353053,13
877,0.18,16,0.1,63.741434661217035,0.18533081217741476,0.13939073804340696,1.18609611010116,10
612,0.14,13,0.25,0.01944703697953311,0.18776341866207313,0.1414478441728343,1.1860443659861228,13
958,0.19,20,0.15,5.220866763559068,0.18386896601644104,0.1384999021932663,1.1831702652596396,11
82,0.06,9,0.15,466.83207718419635,0.1759556026330058,0.13182047523942367,1.1830908843997554,9
790,0.17,10,0.15,1.870678652373767,0.18324399024305899,0.13819778666418878,1.1812344769292926,9
330,0.1,7,0.15,301.8430219201303,0.21243133473482811,0.16306275083235758,1.1801060251501825,7
4,0.05,5,0.25,750.7288038542356,0.2273734117418429,0.17601454545774636,1.1781606525900694,5
115,0.06,17,0.2,0.046914993731627275,0.2022572107419018,0.15487801072075355,1.1767791301924275,17
414,0.11,12,0.15,7.003367009452521,0.18397912235960695,0.13948274655763832,1.1756229813831922,12
8,0.05,6,0.25,701.1002602408536,0.22030584810206555,0.1704689506703229,1.1750283398496746,6
844,0.18,7,0.25,0.04295881800578394,0.20407612765926328,0.15682398946006895,1.1737753151990395,7
363,0.1,15,0.2,0.06747525246451153,0.17480764544310204,0.13212929414759328,1.1716375724385253,15
50,0.05,17,0.15,159.20840818495634,0.15650777681941597,0.11662168460545505,1.170517963972463,17
906,0.19,7,0.15,0.17838123622519952,0.20449014669349244,0.1576471349050343,1.170272753796815,7
252,0.08,19,0.25,0.04586550685481011,0.18480545642410168,0.14084200415253,1.1701442152556958,19
389,0.11,6,0.1,740.7964846786114,0.18230627458841883,0.13871661211956005,1.1700565066318578,6
948,0.19,17,0.25,0.03714270873422108,0.1793843270355607,0.13627084979536563,1.1696142445350857,17
443,0.11,19,0.2,0.016736902576542784,0.18827462754437735,0.14404316261841446,1.1682236385641893,19
426,0.11,15,0.15,1.3518020596980995,0.17596241524589606,0.13366575717861795,1.1668090507090985,15
459,0.12,7,0.2,161.6260923205165,0.189467492382535,0.14524114623069842,1.1668008465958806,7
652,0.15,7,0.25,0.05038285103274073,0.20844816540739836,0.16159785726573603,1.166155100048814,7
1001,0.2,15,0.1,56.427566113137445,0.15777464846368333,0.11822230237225771,1.165386273986268,10
75,0.06,7,0.2,580.7399283965661,0.24334610989179817,0.19180359045043321,1.1644521844835658,7
315,0.09,19,0.2,0.15410802373066673,0.17516226012122327,0.13352268564678968,1.1620666508437167,19
344,0.1,10,0.25,2.040293578286618,0.18569399768152622,0.14272300535675908,1.1609480704764272,10
905,0.19,7,0.1,301.6203897303613,0.17351477885318112,0.13231978419846976,1.1601800878311626,7
689,0.15,17,0.1,52.713241380771386,0.18677385494668358,0.14375501578363242,1.1601254678841755,11
132,0.07,5,0.25,650.6669700320253,0.2344360550055576,0.18486784213620974,1.1599424352428052,5
221,0.08,12,0.1,238.84949555956524,0.18798154963439706,0.14502712318466413,1.158276782616069,10
998,0.2,14,0.15,0.14871392400610017,0.17981499239725024,0.13799579851944888,1.1581149144531833,14
628,0.14,17,0.25,0.037249077096102035,0.18323556678424044,0.14118683003656476,1.1561670925111462,17
323,0.1,5,0.2,500.56753247719814,0.17309597644883779,0.13251766238869322,1.1552873306788753,5
277,0.09,10,0.1,105.29660832618309,0.20315971063058821,0.15867061163577972,1.154339223516841,10
238,0.08,16,0.15,0.893549965665977,0.1624329740279171,0.12342165677004593,1.1540355052378874,16
44,0.05,15,0.25,255.21340380953473,0.1556672284261228,0.11821525914899846,1.147628735941169,15
41,0.05,15,0.1,503.9358456463143,0.185677078969503,0.14480459798598763,1.144142391013959,10
917,0.19,10,0.1,128.55151477978816,0.1625991751316415,0.12469701973476233,1.1435652226088329,9
120,0.06,18,0.25,0.0538024101820235,0.18432991570612203,0.1439956112883803,1.141214751170563,18
946,0.19,17,0.15,4.100546074222746,0.1635834428795143,0.1259201013539113,1.1402742003515258,12
297,0.09,15,0.1,168.52480445065575,0.1584050593283769,0.12143968968398422,1.1397020174256105,10
107,0.06,15,0.2,104.29124462778623,0.18074205519467376,0.1411782942491303,1.138574849976727,15
249,0.08,19,0.1,387.81993124765984,0.20354832722808258,0.16128881629287475,1.1380102566738919,9
503,0.12,18,0.2,0.09212934993735458,0.17990723991431798,0.1405913930117439,1.1373899673997867,18
117,0.06,18,0.1,418.65423453594144,0.17067486809003996,0.13261091919232776,1.1362176584532513,10
614,0.14,14,0.15,0.310128053174438,0.15074820211902482,0.11534430400913351,1.133547107004708,14
309,0.09,18,0.1,104.12577322290778,0.20442679830426375,0.16284845739538162,1.1325056512908307,11
337,0.1,9,0.1,205.95359208123205,0.19269160298562313,0.15249112507766027,1.1324698594601832,9
973,0.2,8,0.1,204.57007338168594,0.20852290032748313,0.16664232265356937,1.1313026446432881,8
698,0.15,19,0.15,3.1083604871611046,0.164128156260825,0.1274473256384735,1.1308841165460748,11
90,0.06,11,0.15,377.44030019709743,0.17823926398802425,0.1400766803024739,1.129661722753074,11
547,0.13,13,0.2,0.47344302745974143,0.18003209719606408,0.14183847191702204,1.1282700316292582,13
879,0.18,16,0.2,0.05242212411785664,0.18604079785505517,0.1472584330009281,1.127546955860984,16
216,0.08,10,0.25,201.76584712686864,0.1605427361026237,0.12464746222950777,1.1275218411093575,10
283,0.09,11,0.2,12.88732196632667,0.15937268518372033,0.1236500914258332,1.127153919391299,11
656,0.15,8,0.25,0.05298465192273728,0.17658628219548353,0.1391243545928941,1.1255130897367793,8
280,0.09,10,0.25,101.9580824369533,0.17107531174336033,0.13431375823021038,1.1247940176345976,10
684,0.15,15,0.25,0.05958744850269143,0.17399267368168886,0.13699478343013452,1.124076916112817,15
416,0.11,12,0.25,0.04805743155943465,0.17319004904495902,0.13639982464689115,1.1230956450386504,12
567,0.13,18,0.2,0.11995660411654221,0.1614637676543025,0.1260038725086952,1.1226938096251007,18
339,0.1,9,0.2,102.87561260135979,0.18200060079737165,0.14438845431407174,1.1219775262985379,9
788,0.17,9,0.25,0.023898654472957664,0.17473864920603166,0.1379708597926734,1.121531383065634,9
887,0.18,18,0.2,0.027817960758140317,0.16471933513189208,0.12905524649607797,1.1213750627045616,18
730,0.16,11,0.15,7.9386812964079025,0.17280136484055633,0.1362648031916705,1.1213560748011022,9
475,0.12,11,0.2,0.023014877203482748,0.1963154326836158,0.1573060300515361,1.120843445263045,11
779,0.17,7,0.2,0.023015884515280055,0.21541682983106775,0.17449526887939248,1.1198975828171926,7
740,0.16,13,0.25,0.047287037372676574,0.17719346057984017,0.14045474475884884,1.1191751538883972,13
227,0.08,13,0.2,0.10755177028105063,0.1610577929025403,0.12633817105228576,1.1165096955864808,13
980,0.2,9,0.25,0.03839307513652285,0.17564941614726615,0.13941150031531768,1.1164747226392508,9
427,0.11,15,0.2,0.04963060874795844,0.17039803147779722,0.13475625764302757,1.116074563870756,15
365,0.1,16,0.1,105.24756756722218,0.16286328957535467,0.1280388746044066,1.1157805784903227,10
922,0.19,11,0.15,4.5711243433551,0.19870989371466768,0.16024801740280217,1.1152081417984687,10
593,0.14,9,0.1,107.65462112447653,0.18617346492599268,0.14912389513616214,1.114331574924749,9
884,0.18,17,0.25,0.06272944767995939,0.16018473934298832,0.12587150075516373,1.1137131002804652,17
362,0.1,15,0.15,0.8113711785152095,0.17976472815645814,0.14355168123978515,1.1129422294232216,15
932,0.19,13,0.25,0.033858956690968584,0.1717567124706153,0.13643542740925746,1.1122969697261949,13
553,0.13,15,0.1,68.76175446776726,0.16328304489207748,0.12900636391841364,1.110666486055624,10
813,0.17,16,0.1,63.338164541682424,0.16023053099109338,0.12633495676695772,1.1099899392831392,10
230,0.08,14,0.15,0.26877237638800433,0.17844069587075476,0.1427776195582592,1.1097026015768834,14
686,0.15,16,0.15,0.18774430358892247,0.15835780079009354,0.12468523556557122,1.1096566499032838,16
472,0.12,10,0.25,0.06439509875622791,0.19458669868487313,0.1574067857405961,1.1091434074042352,10
440,0.11,18,0.25,0.06854161622034458,0.18047665586459882,0.1447753028156701,1.1084532564847742,18
945,0.19,17,0.1,71.4985457562815,0.18336475897191426,0.14779730604642471,1.105329747489441,10
35,0.05,13,0.2,353.803610078172,0.18216280624976688,0.1468066529924568,1.1046012080808023,13
11,0.05,7,0.2,651.5741610640696,0.15540013198087355,0.12274003936412634,1.1031455805484076,7
1010,0.2,17,0.15,3.2436435147769966,0.15651401036407714,0.12385492844498161,1.1022089478233312,17
565,0.13,18,0.1,73.12559713621359,0.1842205244249363,0.14959815443993593,1.0977443207086575,10
966,0.2,6,0.15,101.79742728429783,0.21738307219211833,0.1798266965375123,1.0976294176151078,6
529,0.13,9,0.1,216.9112493706527,0.20125755608590792,0.16521231614901147,1.0971189092369158,8
210,0.08,9,0.15,284.0502456471893,0.1987196325545064,0.1630604326954516,1.096033106255161,9
1002,0.2,15,0.15,0.37287853870900883,0.17553351407871254,0.14209360118108483,1.0945849270193373,15
718,0.16,8,0.15,0.806568766432161,0.18779824094269248,0.15341373408851025,1.093762836421694,8
907,0.19,7,0.2,0.23957476878624154,0.1787443486613449,0.14523734448722903,1.0929995258575083,7
920,0.19,10,0.25,0.02960126005134138,0.17571573778320504,0.14254212670663657,1.092419072038127,10
691,0.15,17,0.2,0.07527258892026178,0.1900101374896896,0.1557411805854318,1.0916196785629897,17
759,0.16,18,0.2,0.11675592063822207,0.15877549283899267,0.12722945459055665,1.0907497268269593,18
721,0.16,9,0.1,106.47502764343629,0.1657406397746321,0.1339001866334279,1.08842745808577,9
935,0.19,14,0.2,0.12876907640088223,0.1604146560960253,0.12904576280420388,1.0880997023441288,14
622,0.14,16,0.15,1.3084142882767116,0.1635189651411439,0.13189974107201086,1.0880913334226299,16
225,0.08,13,0.1,262.73284770454967,0.16709518503828993,0.13559999691060404,1.0847727757343848,10
850,0.18,9,0.15,1.4389156099030909,0.1590343162739851,0.12831810503652952,1.083512854514216,9
449,0.12,5,0.1,900.7639604623362,0.22545363175989402,0.18993303144003618,1.081716172285482,5
828,0.17,19,0.25,0.06776882456830287,0.16569826218438644,0.1350404062523955,1.0789234587466439,19
977,0.2,9,0.1,204.0247252418702,0.15124209850640138,0.12167536710923742,1.0786250465024296,8
533,0.13,10,0.1,124.84956796309218,0.18121810382183204,0.14953757389988748,1.078111003257044,9
88,0.06,10,0.25,402.46875094953225,0.18420787199485555,0.1523475338151408,1.0778505426553617,10
714,0.16,7,0.15,0.03378573104036611,0.18721085057583808,0.1551847694091649,1.0774952413981096,7
748,0.16,15,0.25,0.07298276601065735,0.15887550318352167,0.1290001364525262,1.076553149497092,15
293,0.09,14,0.1,47.56248914267266,0.14372007285846333,0.11503090992655814,1.075537635383853,11
996,0.2,13,0.25,0.09380976130884819,0.1654999034939304,0.1353492745142182,1.0749958137281772,13
396,0.11,7,0.25,231.9587903694124,0.17980431753498846,0.14875454111639386,1.0742819435001225,7
856,0.18,10,0.25,0.025563759132760017,0.18204733285821056,0.15091338947845426,1.0737770413760794,10
234,0.08,15,0.15,0.3907090075942298,0.1610402273589333,0.131750683290334,1.0705085077101901,15
784,0.17,8,0.25,0.03957097447635137,0.19214432154271252,0.16089210824423766,1.0699363904250279,8
246,0.08,18,0.15,6.237530261906484,0.16739351626051804,0.13780411873409346,1.0695871619405533,16
954,0.19,19,0.15,3.7264470962238194,0.1680827804291375,0.13844967318314977,1.0695784036502887,12
763,0.16,19,0.2,0.34750025541991125,0.1823275652264819,0.15207917696404397,1.0673885042451339,19
731,0.16,11,0.2,0.18552909889901292,0.1701719010682975,0.14081938384491932,1.0664149846989663,11
755,0.16,17,0.2,0.05044577468489722,0.1641997231490366,0.13524523103745098,1.0662093002680888,17
408,0.11,10,0.25,0.039325854435065505,0.16708272550194975,0.13796533757355436,1.0660846274053044,10
786,0.17,9,0.15,0.09704208951974654,0.17676971674565597,0.14715262751644742,1.0653545192601719,9
925,0.19,12,0.1,34.13443027116236,0.20914144988129518,0.17763679651209396,1.0647650351452829,10
2,0.05,5,0.15,1000.9079645131508,0.18780144579558136,0.15789386339151745,1.0627483690072035,5
240,0.08,16,0.25,0.04986697408692427,0.1543346736318504,0.12676206769188553,1.059738737919385,16
307,0.09,17,0.2,0.031152483649061105,0.17060042691441918,0.14214567954193985,1.0594794537528296,17
312,0.09,18,0.25,0.04513646613158394,0.17052357423958983,0.14211441342226175,1.0591717660075908,18
22,0.05,10,0.15,552.762048227021,0.15707162898275084,0.12949163302947664,1.0585365693206508,10
663,0.15,10,0.2,0.2525263457338853,0.16978131563458806,0.1415415384342201,1.0582145516540173,10
743,0.16,14,0.2,0.06551294972111193,0.17442500336631608,0.14611948127553376,1.0568406212387302,14
999,0.2,14,0.2,0.10418716453334372,0.1406642998800977,0.11418681599361695,1.056727073350069,14
959,0.19,20,0.2,1.8553358157978612,0.16791872086814438,0.14006511734337468,1.0560710880319781,8
423,0.11,14,0.2,0.055475663113018214,0.160167949592701,0.1331137702074411,1.0529936112114235,14
993,0.2,13,0.1,64.76925218708746,0.17408286460586125,0.14641965078515065,1.0523373316328644,10
359,0.1,14,0.2,1.2379494002497982,0.1464440007501569,0.12017820621759594,1.052137527508241,14
30,0.05,12,0.15,438.0871780220868,0.17749221312686136,0.15004973831041465,1.0496000519577724,12
1006,0.2,16,0.15,0.9256000387480853,0.17829847516790653,0.15099189602140264,1.0483905384264345,16
770,0.17,5,0.15,400.7062266562629,0.17362300163920918,0.14654799270313235,1.0482777607906848,5
316,0.09,19,0.25,0.06133919471689575,0.1803513851110115,0.15306787561096719,1.0475835277060739,19
451,0.12,5,0.2,400.7149385849536,0.225180981579516,0.1963622964996309,1.0449102767541816,5
800,0.17,12,0.25,0.1527711465827634,0.1893952805709495,0.16213127215232895,1.0448032530812177,12
791,0.17,10,0.2,0.2665806469624434,0.14978879643200715,0.12429839241461102,1.044171158699159,10
134,0.07,6,0.15,681.3005758072429,0.17067661756244404,0.14478109470005415,1.0407202533908433,6
143,0.07,8,0.2,444.1497109555939,0.19540411376029818,0.1686001926100578,1.040355358110276,8
229,0.08,14,0.1,139.9365365683996,0.1560128153658899,0.13097458860425978,1.0384672081456439,11
489,0.12,15,0.1,59.016322543883355,0.19578971488601726,0.16968650095436616,1.0359675866808784,10
624,0.14,16,0.25,0.03908340994234309,0.1658801873035224,0.14087940654435563,1.0354968897288213,16
395,0.11,7,0.2,231.48674467429572,0.16261611733437173,0.13780849107148332,1.0348862847674214,7
223,0.08,12,0.2,42.953390458035294,0.1677867255704593,0.14306516571480526,1.0330028615425944,12
811,0.17,15,0.2,0.19772451996357387,0.17554810827923376,0.1506557274257813,1.0324739121243343,15
705,0.16,5,0.1,700.8270448317488,0.19091993485633565,0.16555844392188296,1.0323842795779263,5
452,0.12,5,0.25,400.9420925800433,0.1798742305888942,0.1551108979902793,1.0307092065118044,5
492,0.12,15,0.25,0.0985738627930174,0.14918217445857798,0.1254188982746931,1.0300056549344145,15
60,0.05,19,0.25,55.53307670700917,0.16234395940931462,0.13828842763186083,1.0293266171790605,19
176,0.07,16,0.25,0.1382253063565095,0.16038473813583745,0.1365113579483782,1.0283740506700108,16
398,0.11,8,0.15,125.68023608903816,0.16288638764583918,0.1391350628783625,1.0269617498987746,8
812,0.17,15,0.25,0.05273217600365983,0.1554297389913909,0.13188665966702529,1.0268645770035487,15
281,0.09,11,0.1,319.55845006495485,0.1943912854646349,0.1698672673225364,1.0266326656889613,9
769,0.17,5,0.1,650.6645590235569,0.162067059482095,0.13851031223653357,1.0256785735887128,5
294,0.09,14,0.15,0.08569503863294098,0.15337554811002568,0.13025216073458218,1.0239795436622976,14
214,0.08,10,0.15,244.50249766564454,0.1606310169327932,0.13746196000868502,1.0230540647311297,10
328,0.1,6,0.25,400.7466684571404,0.21744891132223768,0.19300904711889866,1.02300339942409,6
348,0.1,11,0.25,0.037550309258412656,0.15035055119858637,0.12748007575851572,1.0225170515705386,11
288,0.09,12,0.25,0.0409332108536985,0.15030394598881924,0.12755535149988279,1.0215482491061065,12
863,0.18,12,0.2,0.1171901178897093,0.17803371523250805,0.15528667364268064,1.0176901309390427,12
929,0.19,13,0.1,59.858345478817974,0.15156294778691579,0.1292856034217262,1.0176148333992066,10
236,0.08,15,0.25,0.06248706240388138,0.1399282676072435,0.11790840688908401,1.0171307608291202,15
914,0.19,9,0.15,0.713731938003845,0.15310242185264838,0.13102021927970445,1.0158922232338723,9
943,0.19,16,0.2,0.0863616598365104,0.1853275176376785,0.16294427670469916,1.0146261101106266,16
7,0.05,6,0.2,701.1703208235367,0.19533019693146764,0.17283473032099603,1.0144384557770127,6
550,0.13,14,0.15,0.09654661569868578,0.14750702275563926,0.12569906186184157,1.0143832489043145,14
413,0.11,12,0.1,55.29299118720709,0.15664049637798416,0.1350857382912632,1.011509416955391,10
262,0.09,6,0.15,561.1812544276954,0.15740097087062044,0.13605082234801963,1.0099238541840425,6
201,0.08,7,0.1,741.3363022438655,0.15041946994650526,0.12926589636403146,1.008924036539577,7
345,0.1,11,0.1,77.00182118679378,0.15948920768651706,0.13833747993183632,1.0083254932448404,10
734,0.16,12,0.15,3.4184434494558955,0.16946547513603072,0.14826603824115636,1.008089761546899,9
821,0.17,18,0.1,43.64416547249971,0.15280882528460607,0.13176442197851,1.007926292169114,11
646,0.15,6,0.15,201.7309120958222,0.15546559299619722,0.13474587677049601,1.005341285707221,6
955,0.19,19,0.2,0.7044090916649787,0.15749905321300545,0.1368109518386606,1.0050295781521668,19
789,0.17,10,0.1,5.64651295033651,0.13699250876370656,0.1164233083824815,1.0048890586355361,10
471,0.12,10,0.2,0.7155055237837153,0.16223961891628144,0.1416823387389232,1.0039333073008143,10
100,0.06,13,0.25,223.16995873825306,0.1593355368860054,0.1389491257466441,1.0027809540886634,13
487,0.12,14,0.2,0.17089569546408057,0.14017319225270575,0.11985233907175595,1.0026770706640753,14
899,0.19,5,0.2,50.79900333597534,0.1632043846228916,0.14286726907669445,1.0023596415636404,5
1018,0.2,19,0.15,3.3542352790056205,0.14367191045471417,0.12339775107640484,1.0022217534429745,13
478,0.12,12,0.15,10.214916323273432,0.1596038192557497,0.13962289184113158,0.999863399295557,12
175,0.07,16,0.2,0.0846173244526658,0.15119909747851581,0.13127736432434503,0.9994038054752848,16
263,0.09,6,0.2,461.00752057192847,0.22238465572828076,0.2026305330359211,0.9987865732574629,6
124,0.06,19,0.25,0.0365145067770373,0.14399734644009807,0.12420289849230876,0.9983450301506175,19
502,0.12,18,0.15,2.5166149083718934,0.1550973156721799,0.1353420295500918,0.9981918855604177,12
940,0.19,15,0.25,0.036087811697118846,0.1598189811785017,0.14033746674572595,0.9963054373201444,15
342,0.1,10,0.15,53.2729880379333,0.1489391399036872,0.12964057508056534,0.9945893854879754,10
308,0.09,17,0.25,0.0568704864152446,0.1733899474410036,0.15424305582941122,0.9944690645305218,17
241,0.08,17,0.1,150.3622642457488,0.15546631841317166,0.13623668852551946,0.9943453549797382,11
869,0.18,14,0.1,25.267089118499424,0.1545165810605676,0.13538609508164395,0.9935775234483867,11
91,0.06,11,0.2,343.1723852013613,0.15186063661234714,0.13271344135569935,0.9935740891454505,11
992,0.2,12,0.25,0.045680751632943994,0.14511776486791644,0.12601296811689044,0.9928959434703292,12
270,0.09,8,0.15,282.7343897925779,0.1672290923151136,0.14835321860283388,0.9924226363384151,8
930,0.19,13,0.15,3.2119354568884866,0.16227834651243703,0.1434553075571532,0.9917956256568113,9
1,0.05,5,0.1,1250.56965780929,0.15821244869237333,0.13938460198993297,0.9915905108539588,5
1000,0.2,14,0.25,0.061690117432387254,0.16393047214390566,0.14529524083261774,0.9906069277913631,14
457,0.12,7,0.1,461.6174313334012,0.14339590734734733,0.12467673573919133,0.9897268052114924,7
678,0.15,14,0.15,0.12000095834786645,0.15269162417803137,0.13414000474799528,0.9892024711592569,14
928,0.19,12,0.25,0.025476078930697768,0.17965746695987994,0.1614299378099952,0.9890201850154866,12
886,0.18,18,0.15,3.5026317662994755,0.14085389940146215,0.1223243224991011,0.9879793072416178,11
549,0.13,14,0.1,50.054317039804296,0.1613664293277933,0.1431663335278243,0.9874278808733956,10
527,0.13,8,0.2,0.7410137842550985,0.17242988597134684,0.15445858500468918,0.9868657411740452,8
392,0.11,6,0.25,341.088450274497,0.19244804328114767,0.17497216619227,0.9855741460710462,6
15,0.05,8,0.2,603.1797391621255,0.1797431512708415,0.16223894576212536,0.9846165513492477,8
692,0.15,17,0.25,0.031235207588542827,0.15994169703313948,0.14216930825660615,0.984331279016664,17
354,0.1,13,0.15,9.905197974000657,0.13041882141711153,0.11220977036414885,0.9840392780305561,13
809,0.17,15,0.1,63.454112152599414,0.18369259154335446,0.16643542419517263,0.9835201390264026,10
468,0.12,9,0.25,0.03433221109453316,0.20325539646681984,0.18660069307484578,0.9820724320317281,9
673,0.15,13,0.1,8.781637513744787,0.18170004178135601,0.16466065536099117,0.9820199089263644,11
745,0.16,15,0.1,57.09046359910686,0.14153187292577718,0.12383671785049202,0.9813880328490497,10
422,0.11,14,0.15,0.41616704775448654,0.14998141926783287,0.13257267733759898,0.9804540564330054,14
787,0.17,9,0.2,5.3964617701541275,0.1597943127451289,0.1426663465832421,0.9798688765297748,9
761,0.16,19,0.1,75.38792159611108,0.15452562578573775,0.1374266464835116,0.9788904061038708,10
880,0.18,16,0.25,0.10874288871434631,0.1465652390460269,0.12942571797987254,0.977898682128304,16
923,0.19,11,0.2,0.03819066429135626,0.16162588083254353,0.14493864017266153,0.9771437117377976,11
47,0.05,16,0.2,205.08005547201932,0.15164452237712203,0.13492763399663132,0.9756676114279803,16
631,0.14,18,0.2,0.17575328142166244,0.15151448233104994,0.1349853517023477,0.9742870665036953,18
941,0.19,16,0.1,39.690645231743474,0.1553224253825321,0.13897419096645144,0.9737234262093969,11
415,0.11,12,0.2,0.07572139247499372,0.16867402420262062,0.15269842550774568,0.9736447753685521,12
660,0.15,9,0.25,0.08326548955916833,0.16516953737249024,0.1493335745598337,0.9721158674489838,9
976,0.2,8,0.25,0.05471588244116683,0.1649402016979611,0.14923795288152278,0.9712020226719835,8
752,0.16,16,0.25,0.02770472171234939,0.18018330771029692,0.16508407292843008,0.9703135188561902,16
28,0.05,11,0.25,452.6749522729055,0.15104415841765303,0.1351214088798095,0.969825281604463,11
904,0.19,6,0.25,0.11778956152767052,0.14207804744877114,0.12592525761057224,0.9694484630422697,6
903,0.19,6,0.2,0.09952963802603035,0.15463077994234914,0.1388886460245828,0.9693433106009253,6
161,0.07,13,0.1,240.40624703599227,0.14887367850008848,0.1329606792003456,0.9692615837641834,11
694,0.15,18,0.15,3.9967651711542915,0.14061769585662218,0.12448173228363398,0.9689590082325692,11
347,0.1,11,0.2,0.1413382742412139,0.15156578556470118,0.13580255537820993,0.9688019875494291,11
40,0.05,14,0.25,303.84820117302297,0.14289068514481484,0.12697087311101415,0.9678651657169287,14
250,0.08,19,0.15,5.123703468876885,0.1529204201790131,0.1374958185059065,0.9667233638330839,16
257,0.09,5,0.1,1050.507280044268,0.1960325439538143,0.18218845322856464,0.9662113094125268,5
630,0.14,18,0.15,0.22895503452140264,0.15650837340276005,0.14130973938707833,0.9660223987027089,18
428,0.11,15,0.25,0.05897016107839751,0.13773679642599246,0.12197179420977713,0.9652788760612886,15
95,0.06,12,0.2,282.8755131441875,0.15526808434148806,0.14069247569173682,0.9614450501096177,12
613,0.14,14,0.1,51.32224836575243,0.15712055837213862,0.14264088821784365,0.9612991063454801,10
334,0.1,8,0.15,204.41195797116615,0.15154604607796107,0.13697440786691437,0.9603695181202935,8
819,0.17,17,0.2,0.09218215384825457,0.15163096000260187,0.13709583399538858,0.9601382928020226,17
113,0.06,17,0.1,423.35382086119165,0.14723905726869949,0.1325222466705445,0.9601335659892696,10
729,0.16,11,0.1,112.40318688589961,0.17327952681270986,0.15972222667865088,0.9596630976169445,9
560,0.13,16,0.25,0.0646125549149807,0.15941463727267213,0.1453607481502734,0.9590941092883329,16
537,0.13,11,0.1,36.739045504070916,0.16212253042662347,0.1482248672279398,0.9588305463486626,10
248,0.08,18,0.25,0.05267288896218643,0.15483258131304348,0.14081320689704777,0.9575279498578789,18
461,0.12,8,0.1,243.7609023190433,0.1500798571746119,0.1359576965867558,0.9567671447832069,8
816,0.17,16,0.25,0.07450468504430602,0.13816337362010234,0.12358294262758361,0.9561463022950253,16
26,0.05,11,0.15,486.4508532592775,0.1542134450229721,0.1404116025243937,0.9558572269670893,11
268,0.09,7,0.25,371.8145864529296,0.13501442122264204,0.12042264237327295,0.95508966549773,7
546,0.13,13,0.15,5.58714850278435,0.13446004492240587,0.11986598931089344,0.9549000978545606,13
838,0.18,6,0.15,101.43048890766468,0.18381216284723384,0.17162938222573898,0.9544529073219912,6
38,0.05,14,0.15,304.4965623047966,0.14862675930679342,0.13483300904587867,0.9539708430227685,14
840,0.18,6,0.25,0.0712764787852248,0.19164186379923814,0.179985614338674,0.9536421253993353,6
552,0.13,14,0.25,0.08734703195926372,0.15054627060610398,0.13704136063487,0.9526048924304584,14
500,0.12,17,0.25,0.04550340728300861,0.15428352118440541,0.14103310161225358,0.9521418705914518,17
805,0.17,14,0.1,43.13141061507459,0.14757330826542933,0.13417470142915655,0.9508000159984503,10
558,0.13,16,0.15,1.10989954651235,0.13943179414437273,0.12582085347451394,0.9492209824229545,16
129,0.07,5,0.1,1150.6553299960126,0.1778224769303945,0.16638049451649942,0.9485635764518283,5
469,0.12,10,0.1,7.122056678815579,0.15180503834990594,0.13917801205051142,0.9470248669888343,10
771,0.17,5,0.2,150.5196660784589,0.15656555726700808,0.14421412616303966,0.9469638023713116,5
548,0.13,13,0.25,0.04905605185046838,0.14496030159600315,0.13218322622850465,0.9453567230987746,13
14,0.05,8,0.15,603.2939397930321,0.17261845519191352,0.1615488819408357,0.9447199718027589,8
186,0.07,19,0.15,8.137633983231803,0.14545151648355623,0.13294954235000797,0.9436024695240233,16
681,0.15,15,0.1,57.9797008957982,0.15064111497139832,0.13882586668386196,0.9410430353652884,10
403,0.11,9,0.2,14.221659687576846,0.15858398461313722,0.14732060197603747,0.9406965675831185,9
758,0.16,18,0.15,3.8746588402723416,0.14476644529375826,0.1327793435000938,0.9396525242924562,12
603,0.14,11,0.2,0.08277200924183653,0.13615499040796744,0.1236891623832544,0.9390878567683875,11
741,0.16,14,0.1,24.604254448911696,0.14480518516602792,0.13292512769213163,0.9389134118801801,11
318,0.09,20,0.15,27.560947031759824,0.14369389704776123,0.13175104072502614,0.9388456923533474,14
753,0.16,17,0.1,118.43469113748546,0.16589931084014467,0.155482729156694,0.9383634544587184,9
305,0.09,17,0.1,166.1267415175056,0.14145346768520567,0.1294311943626852,0.9383631842635651,10
810,0.17,15,0.15,1.7993108065610834,0.16352413700737642,0.15344624508162943,0.9353382152233527,15
304,0.09,16,0.25,0.03921387043663385,0.1574478776256938,0.1472264191600067,0.933581611302483,16
1019,0.2,19,0.2,0.625205102633715,0.14865698355439838,0.13808399190934367,0.9317298969663739,19
353,0.1,13,0.1,84.67023900073912,0.15949989335798345,0.14997480757518783,0.9301555082045836,10
401,0.11,9,0.1,113.27552876989789,0.1617078843202903,0.152442636585509,0.9295816937724158,9
368,0.1,16,0.25,0.04596522802892545,0.13997895108127095,0.12911005824240832,0.9292765622954533,16
1021,0.2,20,0.1,301.7227847033717,0.150009168293386,0.1400743909953831,0.9281437339796905,7
967,0.2,6,0.2,0.12909730245765746,0.1445789698477817,0.13443799597977873,0.9266648832411936,6
123,0.06,19,0.2,0.17383747211684153,0.1457529742399108,0.13574946951415431,0.9263607046862072,19
867,0.18,13,0.2,0.13405252831491352,0.1524394923024752,0.14298443597766014,0.9262511083595667,13
727,0.16,10,0.2,0.17411393948352757,0.16250864547525432,0.15406662338829988,0.9249806501962755,10
938,0.19,15,0.15,0.08378293748660842,0.1482786332623869,0.13872457689816087,0.9247001225785506,15
205,0.08,8,0.1,564.4815287291985,0.13954157839449097,0.12961109825785563,0.9223097404565479,8
545,0.13,13,0.1,65.15309905877672,0.15244867674096968,0.14376742940121245,0.9212703968667655,10
901,0.19,6,0.1,400.87835214896455,0.1753796726815381,0.16877194853100752,0.920648686194383,6
781,0.17,8,0.1,202.5316179495432,0.14275444177665825,0.13338043658341947,0.9203331831942575,8
949,0.19,18,0.1,49.02356863941139,0.15819076474371976,0.15060437603951585,0.9175746972150466,11
361,0.1,15,0.1,98.36089134221034,0.14830050077832815,0.13987641930400968,0.9172418154305035,10
702,0.15,20,0.15,2.7350982136035764,0.13833745105989792,0.1290408803630855,0.9170539655877186,12
556,0.13,15,0.25,0.08723847027643161,0.15624573449168075,0.1487369323477675,0.9160181828486244,15
59,0.05,19,0.2,56.64634702003632,0.14170441565969205,0.13293660121587939,0.9155072007749989,19
939,0.19,15,0.2,0.11278682056822907,0.14290591680830242,0.1344602467083732,0.9140688033606644,15
436,0.11,17,0.25,0.030927418827887257,0.18457044547443202,0.18007021722098332,0.9139237349420761,17
950,0.19,18,0.15,4.023534039792159,0.162194651734888,0.15579430368619474,0.9127076431581252,12
179,0.07,17,0.2,0.06666155360227455,0.146707048072876,0.1390329287524496,0.9113456014328805,17
599,0.14,10,0.2,0.0875773119165642,0.1304402539844738,0.12122243116506769,0.9110546036986183,10
343,0.1,10,0.2,2.2082275237926163,0.1803353796829898,0.17602413361476665,0.9108715742006599,10
757,0.16,18,0.1,38.76775122625671,0.1472094182583643,0.1397576944295537,0.9102140585360438,11
351,0.1,12,0.2,0.048667432701754984,0.15975487071435726,0.15358950523387455,0.9099246104188503,12
799,0.17,12,0.2,0.09247597582572535,0.14763328217217034,0.14030407628991545,0.9096904776197452,12
523,0.13,7,0.2,92.32528844302615,0.12931563824467807,0.12020676833710839,0.9093966983465757,7
854,0.18,10,0.15,4.5925357137824445,0.16261844546602638,0.15693977531378447,0.9087463339416404,8
421,0.11,14,0.1,22.976256114698586,0.14489317081150144,0.13746220165249146,0.9085637310483,11
864,0.18,12,0.25,0.08755257484194409,0.14911269967301807,0.14218948398849074,0.9080326902618823,12
912,0.19,8,0.25,0.1368811347328134,0.18163455874189596,0.17803603064416318,0.9078755471972497,8
498,0.12,17,0.15,0.7648050769724655,0.14723584336205378,0.14016417982858753,0.9077629071682628,17
774,0.17,6,0.15,101.65150230678489,0.21301995737263463,0.21297395210570558,0.9063078158817884,6
634,0.14,19,0.15,3.975683735258613,0.13860886284790014,0.131055442044619,0.9050281392169788,12
341,0.1,10,0.1,262.3000018916818,0.16902798899084429,0.16553374022256773,0.9002876923488184,9
119,0.06,18,0.2,0.13794666674496397,0.13147095832029007,0.12395278056671531,0.8993017971088827,18
181,0.07,18,0.1,340.6853168687029,0.13281613966456313,0.1258686037015892,0.8963008752526482,10
482,0.12,13,0.15,7.362955905417503,0.13904895762959504,0.1329986738205329,0.8951138700092494,13
820,0.17,17,0.25,0.06674878477877848,0.15209907904466813,0.14763688090125066,0.894756636947815,17
279,0.09,10,0.2,102.19015059377743,0.17500282167925474,0.1737930068616526,0.8918818108869263,10
858,0.18,11,0.15,4.868732267001217,0.1422371986446846,0.13721975790815347,0.8908133967595447,10
605,0.14,12,0.1,47.825395454463575,0.1585300712772214,0.15555569186488294,0.8905496778449603,10
921,0.19,11,0.1,34.54391416660167,0.1485281001846347,0.14434659726191026,0.8904130933646214,10
126,0.06,20,0.15,237.2129419304247,0.14467728444321695,0.14020405914975498,0.8892558831698764,13
616,0.14,14,0.25,0.0841770931581412,0.1605152408660042,0.15801717369321355,0.8892403121879086,14
815,0.17,16,0.2,0.043174529810909884,0.1497487216609666,0.14593759379554197,0.88906989821104,16
667,0.15,11,0.2,0.042321785944595874,0.14845921698571066,0.14457796815135296,0.8885117049869714,11
926,0.19,12,0.15,3.6237030411022038,0.13978907565276485,0.13483510231463702,0.8884116494623014,9
19,0.05,9,0.2,554.3958195393822,0.15302371182151625,0.14980176355321992,0.8879983029989968,9
371,0.1,17,0.2,0.06356433732587785,0.15468816874629573,0.15171302975742915,0.8877824730126733,17
720,0.16,8,0.25,0.05758362496701035,0.13431597097511325,0.12877585530386734,0.8877127680912413,8
826,0.17,19,0.15,3.0167774713107898,0.1508925852176142,0.14755335306633782,0.8870864842953913,12
466,0.12,9,0.15,3.77196470155388,0.13800637284463182,0.13317573334632665,0.8860951607283697,9
79,0.06,8,0.2,522.3598330128337,0.14479199548695187,0.14091849117206215,0.8855615359561312,8
411,0.11,11,0.2,0.052961183512155216,0.1534534928630754,0.1509167316352675,0.8842856018483299,11
209,0.08,9,0.1,385.0994502507968,0.15374092055349908,0.15142757686834962,0.8832005591014164,9
142,0.07,8,0.15,444.4183665860142,0.17931640559764125,0.1804150149685466,0.8830551361005976,8
39,0.05,14,0.2,304.30748989380527,0.13802494231383008,0.13380855699266286,0.8820433084881242,14
783,0.17,8,0.2,0.7214345324672126,0.14391338146825958,0.140650084971377,0.8810046683830769,8
933,0.19,14,0.1,50.41462637287928,0.13866257873661011,0.13469319523873569,0.8809842139856267,10
1003,0.2,15,0.2,0.14940871954189697,0.13026543187900796,0.12523126990722921,0.8804944001661256,15
224,0.08,12,0.25,42.88563434682273,0.1459244057522214,0.14303763862825247,0.8803585333192792,12
562,0.13,17,0.15,3.9192643181751934,0.1412613970561875,0.13802630889811954,0.8785382875499003,11
621,0.14,16,0.1,40.43518606883266,0.13785517415838405,0.13421448052034046,0.8781107202551283,11
668,0.15,11,0.25,0.08910298601888235,0.15426340240104414,0.15303389963938432,0.8773441879049558,11
259,0.09,5,0.2,550.5381078120673,0.1859926632088877,0.18923077800361443,0.8771969600300281,5
25,0.05,11,0.1,505.78405079178356,0.1347083562488754,0.13080496862102,0.8769418888147806,10
437,0.11,18,0.1,97.22966681641883,0.1394119721096819,0.1362225908368078,0.8765944868332102,10
360,0.1,14,0.25,0.06957749954980125,0.15820897736328746,0.15768315212140557,0.8764980627535637,14
349,0.1,12,0.1,69.57667793242358,0.17186959597083573,0.17363667444842312,0.874640086567351,10
625,0.14,17,0.1,71.05561609309548,0.13529539800810564,0.131904446595249,0.8740827241547928,10
775,0.17,6,0.2,0.061921410296093105,0.18746820565923036,0.19212242516599704,0.871674431105765,6
357,0.1,14,0.1,30.67865022667223,0.12780804153056458,0.12368826705829843,0.8716108980632014,11
418,0.11,13,0.15,8.258206651128956,0.13228705450022948,0.12886213823673137,0.8713735161987459,13
803,0.17,13,0.2,0.08926826356606526,0.15048875861406547,0.14975074539395444,0.8713730156787147,13
133,0.07,6,0.1,981.0642265939598,0.18399503332067965,0.18827698011414115,0.8710307187913212,6
122,0.06,19,0.15,48.34449446305804,0.13928229948606075,0.1372170452650205,0.8692965167387139,16
434,0.11,17,0.15,0.9464595223157638,0.12565936432000696,0.12156647955262463,0.8691488369889688,17
239,0.08,16,0.2,0.053277957551294546,0.13470412481962565,0.13213644433628327,0.8680733418836903,16
386,0.11,5,0.15,700.6280007679512,0.14081551635370138,0.13934508335903298,0.8670238909141215,5
952,0.19,18,0.25,0.040497774757370195,0.1456750010795454,0.1451569860319814,0.8657867906671494,18
716,0.16,7,0.25,0.16935729744991507,0.13870293165679187,0.13717698989449092,0.8653268434311885,7
700,0.15,19,0.25,0.0413534712064893,0.14507749085694513,0.14454906872753495,0.8652943388567076,19
772,0.17,5,0.25,150.53346143740032,0.14403647240631007,0.14338531029099166,0.8650570421376198,5
1013,0.2,18,0.1,72.08104936723996,0.1444148181313955,0.14386133885415978,0.8648245534369849,10
174,0.07,16,0.15,1.7984133311790114,0.13525412968721107,0.13334463635720775,0.8643327008554339,16
65,0.06,5,0.1,1200.6592459109552,0.17859496276518255,0.18353959974692585,0.864091253243778,5
448,0.11,20,0.25,2.6317306457806935,0.13227151212126517,0.12996723785774913,0.8638447194218887,11
511,0.12,20,0.2,2.9979387856298882,0.1469663940492047,0.1470825774014906,0.8632320448303347,13
350,0.1,12,0.15,16.82503527142716,0.13778714599303601,0.13668004720241717,0.8617727927661483,12
559,0.13,16,0.2,0.07106306990971795,0.14068712260636804,0.14004735779554417,0.861759368445635,16
254,0.08,20,0.15,93.63937921529818,0.13465788257379485,0.13320195722168526,0.860782266006588,12
101,0.06,14,0.1,349.7476839859008,0.12912889147078216,0.12691947189456182,0.8598278092540508,11
71,0.06,6,0.2,641.3495566114913,0.1728113000352277,0.1777391056707572,0.8597505847604208,6
98,0.06,13,0.15,241.37453688588474,0.12644351047359276,0.12382514630910516,0.8596275768403087,13
644,0.15,5,0.25,250.60404521126654,0.15159512503905687,0.15324995129630392,0.8586960317176341,5
742,0.16,14,0.15,0.7614430251837412,0.12324504046868133,0.12054497432939863,0.8564856481412167,14
204,0.08,7,0.25,441.2269171924209,0.1455557976962137,0.14674140411292813,0.8556262525577951,7
166,0.07,14,0.15,25.245566011817957,0.1393472565149915,0.13967051077309556,0.8544914445747206,14
110,0.06,16,0.15,48.228744754005874,0.1246254214386304,0.12253542120680871,0.8538381833449548,16
495,0.12,16,0.2,0.09480342024830657,0.14785154924355853,0.1498612349482787,0.8531328951592031,16
215,0.08,10,0.2,202.28646708506636,0.13698647389210047,0.13718835236683904,0.852743486409698,10
48,0.05,16,0.25,204.69103594499367,0.1598020707733922,0.16423751325711344,0.851218871991397,16
620,0.14,15,0.25,0.06002766135854954,0.13453072006581024,0.13485563682251583,0.8492838917556311,15
751,0.16,16,0.2,0.08895662232992792,0.13936590159532466,0.14063835271796152,0.8487435986590587,16
860,0.18,11,0.25,0.048902340119415626,0.12917586318173363,0.12876545895806898,0.8478660664525376,11
891,0.18,19,0.2,0.4451598026681556,0.1282324725796482,0.1276795908356346,0.8476881220506008,19
532,0.13,9,0.25,0.04761273124347608,0.16674761527327303,0.1733005417195013,0.846781053407173,9
696,0.15,18,0.25,0.04221981958673081,0.13796797779057662,0.13952640238993744,0.8454885653891439,18
987,0.2,11,0.2,0.0395149940955563,0.14462532406729547,0.1474968211811621,0.8449356607775644,11
207,0.08,8,0.2,362.34046329976985,0.14332467980672664,0.14612076972959745,0.843991446492816,8
635,0.14,19,0.2,0.2728343213403272,0.1406944132226093,0.14304913807221262,0.8437269517952746,19
432,0.11,16,0.25,0.049809506533910204,0.1234193393278765,0.12263096018427262,0.8433379235755181,16
24,0.05,10,0.25,502.8350248784872,0.14334094235859762,0.14625559590277964,0.8433246030503061,10
831,0.17,20,0.2,1.8593318758687862,0.13212648954747222,0.13300694004941208,0.843012323310477,8
1014,0.2,18,0.15,3.2759648423432193,0.1278396618610237,0.12793134075529305,0.8429495167044273,13
617,0.14,15,0.1,57.74761121190188,0.14955797853297104,0.15377265145309976,0.8425293919867531,10
561,0.13,17,0.1,121.2736936105264,0.1414001160832547,0.14420308660486336,0.8418690538567181,9
825,0.17,19,0.1,79.65715022642827,0.13144554817247833,0.13267673560620108,0.8399780689755647,10
200,0.08,6,0.25,521.606091764171,0.15510045069970818,0.16088498699938053,0.8397331113326838,6
218,0.08,11,0.15,148.23800936983505,0.15593104750959916,0.1621951245996819,0.8380711062992442,11
808,0.17,14,0.25,0.04620422480291022,0.1457714352352848,0.15013289060319865,0.8377340550092971,14
666,0.15,11,0.15,6.650994926980594,0.13157661091800363,0.13357093764942224,0.8353359861173831,9
969,0.2,7,0.1,302.3281693268034,0.1425182166118676,0.14672524932815562,0.8350179479869327,7
299,0.09,15,0.2,0.10106554520001482,0.13655449645167467,0.13959078354892057,0.8349727216111464,15
128,0.06,20,0.25,14.844202193190869,0.12588954241862502,0.12696624607634505,0.8339975835384896,17
916,0.19,9,0.25,0.06357194291794528,0.18660573066571884,0.19987400156490812,0.8335537856914044,9
195,0.08,5,0.2,600.8353635257045,0.13339324000173464,0.1360892773535218,0.8332268508353584,5
397,0.11,8,0.1,322.3717281112863,0.16541423628995097,0.1745578954463016,0.8330430194415587,8
27,0.05,11,0.2,452.8421068942579,0.14832070587809063,0.15404528210668328,0.8330063999572722,11
394,0.11,7,0.15,230.9413745698651,0.1532033488311439,0.1602085337174475,0.831437288266233,7
956,0.19,19,0.25,0.04559522800804589,0.13383289765469236,0.13719822765136305,0.8296965609785808,19
507,0.12,19,0.2,0.5578596828188783,0.12966454378103554,0.13222673488600376,0.829367403464816,19
376,0.1,18,0.25,0.08866610331615005,0.15153640657133632,0.1586461887461524,0.8291179738443382,18
145,0.07,9,0.1,642.3802995487365,0.13035617071294608,0.1331526276577629,0.8287945394257658,8
857,0.18,11,0.1,31.98525163957477,0.11090834700805044,0.109765285176953,0.8282067218383005,10
103,0.06,14,0.2,166.07961828164625,0.13325964950340538,0.13678632428014204,0.8280041890112245,14
470,0.12,10,0.15,10.611856805215304,0.13417599586894274,0.13803881228457693,0.8271296599796927,10
964,0.2,5,0.25,0.602598915673725,0.18198359924141483,0.19591179287890298,0.8268190335103521,5
381,0.1,20,0.1,403.2437587255147,0.13802599749757266,0.14278717131736585,0.8265868453633151,8
480,0.12,12,0.25,0.05237240818662442,0.12879286937196713,0.1316726461544129,0.8262374346482367,12
444,0.11,19,0.25,0.12871024705210107,0.15521122056845305,0.16380389089545108,0.8254457194472414,19
49,0.05,17,0.1,507.69686563439967,0.12770462440067878,0.13090413744423685,0.8227747915650053,10
377,0.1,19,0.1,127.55276735965096,0.13760691557124416,0.14329703537560493,0.8207212051734164,10
827,0.17,19,0.2,0.2547197101067592,0.12513755089320044,0.12816774596913968,0.820312084746466,19
109,0.06,16,0.1,344.52934390394745,0.11687779701280128,0.11813689130683194,0.8200469467338927,11
683,0.15,15,0.2,0.06592575501077338,0.1350433894167753,0.14033851730059904,0.8197563408081141,15
52,0.05,17,0.25,153.74426881316165,0.14288198272383248,0.1499280913519207,0.8196061299506315,17
425,0.11,15,0.1,20.296530400536064,0.12871710745486664,0.1328117704358479,0.8185803645120466,11
981,0.2,10,0.1,8.589979320209352,0.13355370383418974,0.13877057146468802,0.8182837516316271,10
1007,0.2,16,0.2,0.08248538723065371,0.15837017879806203,0.1694135568919842,0.8167597761157037,16
712,0.16,6,0.25,41.492933462873026,0.14554691617277082,0.15372217987497327,0.8167130876941883,6
144,0.07,8,0.25,441.5917398420089,0.132650546018699,0.13795009980598105,0.8166035847537302,8
608,0.14,12,0.25,0.04385065859164973,0.14239216261728793,0.14997826442709333,0.8160660018624537,12
321,0.1,5,0.1,1000.7433856677321,0.15756009308118757,0.16861621673268637,0.8158176938536509,5
243,0.08,17,0.2,0.054537607319722264,0.14735909435305244,0.15612273694875978,0.8157626290836313,17
154,0.07,11,0.15,268.0237795907969,0.145833563187581,0.15439624129622267,0.8150040579430838,11
289,0.09,13,0.1,173.383644663046,0.13698058132493712,0.14372654530480536,0.8139107572428792,10
419,0.11,13,0.2,0.478273371147257,0.1507888356812452,0.16073449528907977,0.8136948789120997,13
212,0.08,9,0.25,281.3767538203177,0.1310276902975287,0.136633320482793,0.812596004438837,9
3,0.05,5,0.2,750.7688857083423,0.15618590923617715,0.1678014479096091,0.8115895955173013,5
579,0.14,5,0.2,300.5732882048639,0.13377690225630773,0.1401902706464791,0.8115891476036982,5
845,0.18,8,0.1,203.59814600202398,0.13430661434225824,0.14106246272584635,0.8103262351545083,8
473,0.12,11,0.1,17.81739049058077,0.1250071667729859,0.12961184885902163,0.8101664137759645,10
570,0.13,19,0.15,2.691286260579056,0.1277746176177704,0.13308977956562307,0.8097888355478834,10
1017,0.2,19,0.1,76.73078339120934,0.13209652350649959,0.1386871672883066,0.8082688953727805,10
690,0.15,17,0.15,2.000548195176709,0.13777504257753526,0.1458472931895661,0.8075229920411088,17
551,0.13,14,0.2,1.1952567350749344,0.13071482149089345,0.13721622222073362,0.8068639385275558,14
211,0.08,9,0.2,304.8944803948086,0.12290784746059033,0.12789654399558623,0.8046178907237848,9
1009,0.2,17,0.1,72.55663576755576,0.12893920716734536,0.13592757973144795,0.8014503560099907,10
1008,0.2,16,0.25,0.12231788412653419,0.14452025892845155,0.1554220936079992,0.8011747624666072,16
606,0.14,12,0.15,4.241777019732441,0.1393866845801701,0.14934900934579476,0.7993804920643865,10
488,0.12,14,0.25,0.09754114931700711,0.1345048837520913,0.14383039451381402,0.7961104753911651,14
106,0.06,15,0.15,105.00034189986592,0.12248995457467327,0.1288684897087948,0.7953065548162368,15
626,0.14,17,0.15,5.297899806564862,0.14266128423852262,0.15425491416980947,0.7951855854880097,13
208,0.08,8,0.25,361.18761734837153,0.14764370164807827,0.1605565270895868,0.7950078639708997,8
105,0.06,15,0.1,429.16930741534213,0.13268774498188524,0.14185027689479368,0.7944132887767469,10
504,0.12,18,0.25,0.09566528114338531,0.13938428043155787,0.15038232182616768,0.7938717728374911,18
947,0.19,17,0.2,0.10825350900975998,0.13769547530092868,0.14833237448488695,0.793457771505709,17
647,0.15,6,0.2,100.64336959996756,0.13740134659099595,0.14801085498164865,0.7931941654249084,6
661,0.15,10,0.1,108.9392909792859,0.12446629921120113,0.13184126960265805,0.7923641779697712,9
157,0.07,12,0.1,335.7584983795116,0.12668267305547484,0.13475680782387273,0.7916681522681154,10
853,0.18,10,0.1,7.279421173513074,0.1394649219753961,0.15101153322669958,0.791098000415998,10
282,0.09,11,0.15,46.95728415953152,0.12785743418458925,0.13668535373404508,0.7890928416109042,11
900,0.19,5,0.25,50.42400091177392,0.1475949452172398,0.16185415893624258,0.7883328179877162,5
893,0.18,20,0.1,301.20639762334537,0.12073999452143064,0.12783381478439476,0.788054355503192,7
13,0.05,8,0.1,802.4928627172784,0.14259078878756268,0.1559366004008209,0.786157890273702,8
491,0.12,15,0.2,0.1625591885913227,0.1348574143083704,0.1465462094031445,0.7837624376376797,15
842,0.18,7,0.15,0.04432117849953113,0.14132907619429394,0.15482710742385908,0.783642336365169,7
303,0.09,16,0.2,0.10275517290727479,0.11941325858460951,0.12737191369673037,0.7804959170301092,16
247,0.08,18,0.2,0.08570231919854554,0.11451444452025927,0.12132222763177929,0.7790365076968142,18
483,0.12,13,0.2,0.3198783559549738,0.13315022979816782,0.14528228284317513,0.7788302027185776,13
640,0.14,20,0.25,2.324167828505793,0.13035587248179897,0.14173628050700277,0.778600031601271,12
295,0.09,14,0.2,0.06316055294476913,0.13044340959766565,0.1420018150847822,0.7777605485657024,14
253,0.08,20,0.1,741.9726420615851,0.1256984882603267,0.1360953103746204,0.7766504809708549,7
942,0.19,16,0.15,3.931261946089861,0.14926094427737577,0.16658189434311896,0.7759603454330342,14
569,0.13,19,0.1,120.67065949906998,0.11963665260175277,0.12842222179637494,0.775852116619939,9
244,0.08,17,0.25,0.05891069794575088,0.13492319153873225,0.1481370562351448,0.775789626576009,17
169,0.07,15,0.1,333.8883059642903,0.13869156647536268,0.15317724129924826,0.7748642387643339,10
301,0.09,16,0.1,154.38593356827704,0.11663332344319498,0.12483192831744758,0.774107431853944,10
285,0.09,12,0.1,154.39058399166902,0.1297730630713419,0.1418470023362154,0.7738835594928565,10
750,0.16,16,0.15,3.043621393852294,0.12477706973817718,0.1356608895551689,0.7723454422401361,10
484,0.12,13,0.25,0.0608798431198362,0.1335060897395462,0.1471929888928005,0.7711378822683721,13
747,0.16,15,0.2,0.2169524792505627,0.13139485562567937,0.14465139795130733,0.7700918014160997,15
677,0.15,14,0.1,28.25716676920063,0.11456555089662214,0.12334378449999225,0.7666827418987462,11
610,0.14,13,0.15,5.7794756366068265,0.14206863851912785,0.15923267670094501,0.7666054546604465,10
490,0.12,15,0.15,0.12683166350043648,0.11682149092843909,0.12643107976001186,0.7658045087665397,15
693,0.15,18,0.1,71.54322162713453,0.13276917236077215,0.14727441708048652,0.7657078167156689,10
104,0.06,14,0.25,163.2712776916171,0.13610944091261448,0.15187107738686584,0.764526352946357,14
975,0.2,8,0.2,0.15108978985246616,0.14249077054895867,0.1602196937143551,0.7645175677800209,8
182,0.07,18,0.15,8.81160442997813,0.11043188299585194,0.11835865676568705,0.7640495884883067,16
658,0.15,9,0.15,2.5915702031084864,0.13963734921492188,0.15659386495724095,0.7639976779907035,8
659,0.15,9,0.2,0.8348698744288202,0.11172644476182803,0.12027549051811191,0.762636214300163,9
366,0.1,16,0.15,1.1664496526238106,0.12547190126518534,0.1384601260759302,0.761749279408756,16
888,0.18,18,0.25,0.059556539992813476,0.1276700006313332,0.1415735872858236,0.7605232211426397,18
638,0.14,20,0.15,2.692618785612226,0.12204409884948954,0.13423651426131078,0.7601813814298392,11
83,0.06,9,0.2,463.571570827817,0.12388616599020216,0.1367684152213029,0.7595771715428999,9
711,0.16,6,0.2,41.17874330262617,0.12692296546299914,0.14110127821899518,0.7577746056775627,6
329,0.1,7,0.1,601.7181111790389,0.11643683664984923,0.127287280868029,0.7576313673463932,7
383,0.1,20,0.2,4.037946827129372,0.11647422036329899,0.12746648922509837,0.7568594769479463,13
544,0.13,12,0.25,0.06320837446219207,0.11137302771909795,0.12078814777469994,0.7564734570607992,12
538,0.13,11,0.15,2.859560698115216,0.12560413340177456,0.14002697678026693,0.7541699166117871,9
937,0.19,15,0.1,40.819268728166605,0.1217791571435814,0.1349574107875259,0.7541576009028533,11
93,0.06,12,0.1,425.28104011652687,0.1343323670010042,0.15164694429616007,0.7539378226950483,10
627,0.14,17,0.2,0.04447647809311627,0.1391690354409349,0.1584991849408527,0.7518589794982563,17
680,0.15,14,0.25,0.05237160852138812,0.13278591167236534,0.1500970643126152,0.7514198374823645,14
588,0.14,7,0.25,21.5214593443857,0.12200043165531463,0.13576968049236143,0.751275478335189,7
102,0.06,14,0.15,166.72950808845656,0.10846468473845215,0.11775642630906419,0.7512514391891211,14
515,0.13,5,0.2,350.5144767942887,0.18895095507136886,0.22517669428406326,0.7503039140375474,5
986,0.2,11,0.15,3.910746825201488,0.11296043432797288,0.12391030667735214,0.7502235836606467,9
643,0.15,5,0.2,250.72576648065865,0.12718601270688568,0.14289497550343863,0.7501034401612416,5
676,0.15,13,0.25,0.057564606976942566,0.13483524585544676,0.15318113398645006,0.7496696418607577,13
637,0.14,20,0.1,221.25342774600935,0.12466321255883973,0.13965709217756644,0.7494299854515524,8
163,0.07,13,0.2,94.73709435786502,0.13411339763303104,0.1522718908655151,0.7494055336438605,13
746,0.16,15,0.15,1.764779637367015,0.13180819773967972,0.14922289527252613,0.7492697252354213,15
793,0.17,11,0.1,20.825002633871343,0.12554666118931043,0.14091336953474845,0.7490180778288976,10
597,0.14,10,0.1,110.40148982410686,0.119027723073396,0.13239212596522748,0.7479880117598944,9
944,0.19,16,0.25,0.05810052580878964,0.1137151382295276,0.12536422873838607,0.7475428929977723,16
231,0.08,14,0.2,0.22027045387729155,0.13404412308953065,0.15259433424589633,0.7473680045404281,14
314,0.09,19,0.15,5.905096098874351,0.11925846098477695,0.13288449500797167,0.7469529156040551,15
871,0.18,14,0.2,0.10386120213558143,0.13149122520499304,0.14971182143015144,0.7447055559136968,14
431,0.11,16,0.2,0.09667030259891565,0.12656427589730418,0.14319525514227374,0.74418859613348,16
477,0.12,12,0.1,8.42844882932968,0.12162447814354722,0.13659335890168603,0.7439928189824522,11
832,0.17,20,0.25,2.076565208914602,0.12358194805604769,0.13945280183750902,0.7427742339429063,9
541,0.13,12,0.1,51.62226261239867,0.1178625234394375,0.13175278314343827,0.7427738610492599,10
183,0.07,18,0.2,0.10187173195109087,0.11815595363640465,0.1322853640354781,0.7420016141020698,18
994,0.2,13,0.15,4.291090332265868,0.11321678230878753,0.12576356084441215,0.7412066077240789,10
159,0.07,12,0.2,164.5591414281938,0.13071156745950643,0.14987024559279252,0.7387161275515433,12
358,0.1,14,0.15,0.6984882441714418,0.13864545385555038,0.16131318048604476,0.7354975799129719,14
568,0.13,18,0.25,0.09267987624305048,0.10889811081552088,0.1210696630105899,0.734272390001986,18
960,0.19,20,0.25,0.9659982133007072,0.13981499939279804,0.16339352613785052,0.7332909829714642,8
400,0.11,8,0.25,121.52243495773888,0.1357132680741706,0.15806069578383405,0.7320812267739327,8
518,0.13,6,0.15,321.36273930619774,0.14677951804200529,0.17318043703234454,0.7320660474966174,6
18,0.05,9,0.15,554.9801734175186,0.13131060825772922,0.15257675287234432,0.7295384530227809,9
149,0.07,10,0.1,473.57473932374705,0.11432124693505955,0.12981316028232787,0.7265923326257698,9
89,0.06,11,0.1,419.79318576318406,0.12411902455426513,0.1435093246939039,0.725520970684966,10
713,0.16,7,0.1,301.31231510842906,0.1283270645725184,0.14933230920866208,0.7254094251040675,7
367,0.1,16,0.2,0.08466023384433771,0.1331291298626965,0.15636367081765337,0.7235000897019379,16
534,0.13,10,0.15,2.42830900023678,0.11758693781333528,0.1349079369399954,0.723359500017706,9
536,0.13,10,0.25,0.06087003482026005,0.12126819206491152,0.14002950298263447,0.7231918267786048,10
148,0.07,9,0.25,371.8095254386189,0.15252248283259826,0.18329097711770137,0.7230169477873326,9
525,0.13,8,0.1,202.71675793624905,0.12084525991294291,0.14057429498700663,0.7173805134307385,8
256,0.08,20,0.25,5.3684105500122605,0.11226185097441418,0.12866447414628857,0.7170732370888531,16
206,0.08,8,0.15,363.5833286635177,0.1358608166649311,0.1618584063316869,0.7158158744471037,8
778,0.17,7,0.15,0.25960331291756933,0.12230139781630026,0.14355494993572482,0.7126288425589268,7
16,0.05,8,0.25,601.1164564877383,0.14228138899652637,0.17168099624913372,0.7122593162208737,8
801,0.17,13,0.1,8.670326688705174,0.11255529349955916,0.1299915426045797,0.712010117312804,11
639,0.14,20,0.2,2.5678625090449754,0.10944385497624523,0.12574462920864338,0.711313521214766,11
242,0.08,17,0.15,4.866366441867243,0.1076964480964676,0.1234071790079093,0.7106267949844881,17
42,0.05,15,0.15,256.41516728951564,0.12026047272236486,0.1414038604624826,0.7090363190541467,15
878,0.18,16,0.15,0.1598016992479302,0.11097203691216491,0.12835667262766026,0.7087441194121517,16
324,0.1,5,0.25,500.7038975051582,0.16595773895195357,0.20652542039282953,0.7067301384707466,5
435,0.11,17,0.2,0.1326196422007582,0.11257680546011299,0.13121009816737136,0.7055615897948814,17
870,0.18,14,0.15,0.12097438569621584,0.1206476582760561,0.1431657419524202,0.7030149594691822,14
296,0.09,14,0.25,0.07049975868305988,0.10397920405704576,0.11949360411012129,0.7027924605877093,14
822,0.17,18,0.15,4.19009274117119,0.11002608154298257,0.12823987164119657,0.7020131913019011,12
632,0.14,18,0.25,0.08515865938734918,0.11478666016872188,0.135292198383661,0.7006069921336211,18
704,0.15,20,0.25,2.5888480492599957,0.11265060029738802,0.13235787269838975,0.7000006755058341,11
184,0.07,18,0.25,0.07548995650193668,0.11416968918302615,0.13453476200081216,0.699965479423509,18
171,0.07,15,0.2,0.10949047560417374,0.13899500384349053,0.1705167295366599,0.6978494378049132,15
510,0.12,20,0.15,21.85861489409084,0.11359645811267328,0.13445018069732517,0.6961423006442664,12
699,0.15,19,0.2,0.27974941256030683,0.10943840558636937,0.12855827747161722,0.6957032043783828,19
23,0.05,10,0.2,502.4219240879923,0.12602606169861522,0.1528863554511644,0.6934959067193049,10
733,0.16,12,0.1,105.50663347845992,0.12957524753870436,0.15807242187859077,0.6931964870055879,9
302,0.09,16,0.15,1.2777228881895821,0.10844977768770424,0.12765404054257884,0.6928866278870501,16
417,0.11,13,0.1,12.75040841396022,0.12365010649553843,0.14973296633321379,0.6922330401501352,11
574,0.13,20,0.15,3.8940453181568273,0.12407741643618253,0.1503690724255033,0.6921464285000838,11
370,0.1,17,0.15,3.54792653105774,0.11208480005261177,0.13307624349596123,0.6919702392666839,13
648,0.15,6,0.25,101.01668431926964,0.12771574148795634,0.1562616823159425,0.6893292065688115,6
895,0.18,20,0.2,2.310195866104769,0.1200412090496561,0.1452321260558325,0.6888366352992493,8
31,0.05,12,0.2,403.6484147620413,0.13642089611991995,0.16906730475170825,0.6886068024263788,12
777,0.17,7,0.1,301.40294308910796,0.12266355781848126,0.14921133250672575,0.6880412907903873,7
455,0.12,6,0.2,281.5471733294076,0.15929529806533962,0.20258814595245908,0.687578719921884,6
833,0.18,5,0.1,600.6322969969759,0.13867539177578808,0.17282761853204678,0.6866691376285009,5
724,0.16,9,0.25,0.05054297006444068,0.12741053798109978,0.15651350775555892,0.6862700831474071,9
649,0.15,7,0.1,301.21210461700804,0.12203825624827183,0.14872430479298407,0.6860899863697691,7
460,0.12,7,0.25,161.94311166737916,0.10851464554271946,0.12904365933717968,0.6859278944611955,7
866,0.18,13,0.15,3.145674810553018,0.1163015160870687,0.14068369559247196,0.6845250665438293,9
697,0.15,19,0.1,76.86527328126776,0.12160156987142035,0.14856647821291613,0.6838795069626095,10
385,0.11,5,0.1,950.6332355817573,0.13052065760045733,0.16183887393003826,0.6829055029648475,5
57,0.05,19,0.1,654.2350845580306,0.10604223699743348,0.1260080145297367,0.6828314636854176,9
226,0.08,13,0.15,8.448187190063123,0.1116974661365824,0.13448604041787962,0.6818363143985569,13
685,0.15,16,0.1,34.43113951788448,0.10212602399118907,0.12068601257183187,0.6804933085539466,11
782,0.17,8,0.15,1.1564271720199777,0.11707148552908847,0.14291896154255374,0.6792064851393822,8
542,0.13,12,0.15,10.272426842648308,0.11831125429023416,0.14482305214150892,0.6788370555412176,12
266,0.09,7,0.15,370.91155176791347,0.13127245496825216,0.1642219471871995,0.6775735939935648,7
918,0.19,10,0.15,3.5095546747982445,0.12634403824850965,0.15704207503259957,0.6771690849502225,9
147,0.07,9,0.2,377.3055125937658,0.11079632313634932,0.13473991242845207,0.6738636050736849,9
479,0.12,12,0.2,0.15280021891958834,0.1179138768272258,0.14599422819527308,0.6706695054838887,12
931,0.19,13,0.2,0.07084217002320384,0.11177102980514125,0.13716912863876735,0.6690355965358558,13
710,0.16,6,0.15,141.35308266480513,0.1211715151477535,0.15133906113162332,0.6685089387449161,6
797,0.17,12,0.1,29.251066076331483,0.11158455765424873,0.1371942364915226,0.6675539730847793,10
875,0.18,15,0.2,0.1548855472319199,0.11411096473592103,0.14100375597755854,0.6674358713600456,15
951,0.19,18,0.2,0.29696630681503755,0.10183297590061548,0.12314864810761995,0.6645056779600326,18
298,0.09,15,0.15,0.6583709194044085,0.11140882112021998,0.13766139592821477,0.664012016614202,15
170,0.07,15,0.15,1.5455028806756126,0.10712416905758365,0.13126282950119977,0.6637383133416861,15
669,0.15,12,0.1,42.48284871488699,0.11099185316309065,0.13721294482720997,0.6631433592338916,10
675,0.15,13,0.2,0.20668621673536647,0.1199082231135705,0.1512635335571795,0.6604911359934874,13
521,0.13,7,0.1,391.68620194179744,0.11137922142909291,0.13845150526261404,0.6600088692121138,7
578,0.14,5,0.15,550.9169742417694,0.1620239568471403,0.21534261163507315,0.6595255614704761,5
155,0.07,11,0.2,233.8529298219478,0.12053427938650783,0.15277230713643875,0.6580661199069417,11
539,0.13,11,0.2,0.08667098241353373,0.12922734924155382,0.16604009777332107,0.6578371773225022,11
196,0.08,5,0.25,600.5918237993437,0.13829265088612347,0.18011176966965095,0.6567735751144302,5
665,0.15,11,0.1,39.73992047819738,0.10915199896502896,0.13574724380634196,0.6567499749181933,10
843,0.18,7,0.2,0.10264556382876658,0.10057195364224002,0.12273174528120742,0.6564882904388806,7
802,0.17,13,0.15,8.338880523587997,0.1145800005263961,0.14410371384941298,0.6563328452813596,13
108,0.06,15,0.25,103.2595941486825,0.10002151525825245,0.12224216112474351,0.6546146969423545,15
636,0.14,19,0.25,0.07150740541865953,0.11238113381989719,0.14119470477797708,0.654281858269138,19
450,0.12,5,0.15,650.7236577486846,0.11787281930579975,0.14962725912995833,0.6541108877814341,5
846,0.18,8,0.15,0.23637228678919578,0.1065969045544972,0.13244424537540272,0.6538366714918049,8
45,0.05,16,0.1,459.8168112782355,0.1099941579777974,0.13783516470938953,0.6529114552700706,11
375,0.1,18,0.2,0.20158703244017986,0.1087468891587372,0.13645861658038008,0.650357532435201,18
997,0.2,14,0.1,27.39204336660876,0.10741159740038425,0.13447310779774713,0.6500303207973356,11
563,0.13,17,0.2,0.07725038022545871,0.11821183953038256,0.15136908529005244,0.6488236309428024,17
862,0.18,12,0.15,4.190013812610847,0.11403781039805674,0.14497081337502077,0.6486671917525432,10
87,0.06,10,0.2,402.8340594504265,0.12119325596963128,0.15624390171285318,0.6476621158348016,10
494,0.12,16,0.15,0.08369541655394473,0.11497626498528381,0.14668707541265033,0.6474753465368567,16
54,0.05,18,0.15,108.31368771497671,0.10401047946377455,0.12981747218310663,0.6471430852179771,18
865,0.18,13,0.1,51.029752672097274,0.11501924359176874,0.14702838020634953,0.6462646426384643,10
760,0.16,18,0.25,0.05631519934518506,0.10997170672745711,0.13929144057619158,0.6459241598427086,18
199,0.08,6,0.2,521.870321759816,0.11132421281437821,0.1414251242863857,0.6457424964283347,6
222,0.08,12,0.15,65.72999905446576,0.1051161458094843,0.13182220236830924,0.6456889983651697,12
754,0.16,17,0.15,0.7206376316791419,0.11090871856820801,0.14101057381111132,0.6446943382414958,17
63,0.05,20,0.2,158.91711594654373,0.11530477003342798,0.1478519277278118,0.6445960597069753,17
9,0.05,7,0.1,951.6845284271624,0.10156528174096842,0.12655035838888717,0.6445282556238967,7
715,0.16,7,0.2,0.24199481988448793,0.14688790491226686,0.19768041046449594,0.6418840623312868,7
51,0.05,17,0.2,153.99912816268775,0.10381231531116313,0.13087193822964047,0.6404147172031486,17
902,0.19,6,0.15,101.56398630602104,0.11927995501701107,0.15530368226609356,0.6392633681853543,6
882,0.18,17,0.15,2.907759645067011,0.10598344809573677,0.1346428086255148,0.6386040886512145,11
278,0.09,10,0.15,132.81441326989886,0.11154649333831229,0.1434183733706038,0.6383177495797508,10
68,0.06,5,0.25,700.6945994827241,0.12806144576379563,0.1698835224845275,0.6360913888728529,5
725,0.16,10,0.1,123.52063455890092,0.11616136997434863,0.15118179538949822,0.6360644793680525,9
291,0.09,13,0.2,0.2337046803978241,0.10196168348490527,0.12896140616729693,0.6355520300281106,13
848,0.18,8,0.25,0.08321981287921636,0.11676334765109073,0.15232522249967154,0.6352417942557043,8
402,0.11,9,0.15,13.328826277218928,0.103720789825369,0.1322540057645569,0.6330302764092576,9
58,0.05,19,0.15,158.84451247450573,0.10562911005748718,0.13549886133131758,0.6319544623191301,17
67,0.06,5,0.2,700.6972247363412,0.12345446837652141,0.16371909191844614,0.6319022855810578,5
114,0.06,17,0.15,60.005809855421084,0.12390524204937704,0.16458661043102302,0.6313104193425438,16
493,0.12,16,0.1,32.585704213686974,0.11486940167855898,0.15081766830713556,0.629033738178211,11
830,0.17,20,0.15,5.351122065195073,0.10298700938816951,0.1321360988168755,0.6280419214069531,10
835,0.18,5,0.2,100.62725493622281,0.12906360643997816,0.17370514927801223,0.6278662831429577,5
566,0.13,18,0.15,3.0831536029107354,0.11130469447374722,0.1455794867601029,0.6271810438802146,12
897,0.19,5,0.1,550.7840845436425,0.1347902926761847,0.1830556744844736,0.627078581417704,5
577,0.14,5,0.1,800.5877393265689,0.15459212634176883,0.21464104798298672,0.6270567890277778,5
369,0.1,17,0.1,140.19743053763943,0.10196069783544844,0.13135295452946372,0.6239730056248096,10
32,0.05,12,0.25,403.0131092904024,0.10737847311513375,0.14020361593074107,0.6232255319170775,12
957,0.19,20,0.1,205.65184690011776,0.10983997704176521,0.1443894300777375,0.6222060506326291,8
595,0.14,9,0.2,0.7479536818078812,0.0931217527131711,0.11759726327123904,0.6217980816825233,9
514,0.13,5,0.15,600.6302980008556,0.12419244917557311,0.16789416573162494,0.6205840966631467,5
33,0.05,13,0.1,456.7902202687827,0.11195463013327064,0.14827702718106597,0.6201542604504864,11
701,0.15,20,0.1,340.0703915276435,0.1120353063454833,0.14856465570818353,0.6194966488278518,7
814,0.17,16,0.15,0.17385243872429862,0.10391415115827611,0.13571672191153358,0.6183036988837324,16
12,0.05,7,0.25,651.840368494774,0.11934726073066387,0.1610633202691882,0.61682113944145,7
508,0.12,19,0.25,0.07036879884425956,0.114983111195034,0.15401528782340687,0.6167122273208432,19
524,0.13,7,0.25,91.61577916010899,0.11931360143076362,0.16109156736841584,0.6165040358917967,7
983,0.2,10,0.2,0.23922636512402648,0.11224815083358712,0.14983618081540975,0.6156600517416548,10
726,0.16,10,0.15,3.516485247490797,0.1070171477992949,0.14139542838278124,0.6154169819672304,9
776,0.17,6,0.25,0.07528298388246513,0.1054913139492976,0.13913044855220677,0.6144687581972265,6
633,0.14,19,0.1,72.10537028727896,0.10529237508045966,0.13904324026996046,0.6134233848036021,10
441,0.11,19,0.1,97.02107685274017,0.11185033215170494,0.14991902477906316,0.6126662862639715,10
188,0.07,19,0.25,0.1422351953423926,0.10362597128545135,0.13658829367927477,0.612248451406933,19
84,0.06,9,0.25,461.91712160171613,0.13458971758780933,0.1872598578273037,0.6119288934496959,9
21,0.05,10,0.1,654.0581443659297,0.10407821325037635,0.13759946139886411,0.6110359182777325,9
167,0.07,14,0.2,25.015369278868505,0.10852090982810418,0.14522407673575896,0.6095470655955454,14
382,0.1,20,0.15,27.77452403705056,0.10002937188434308,0.13190357740095238,0.6067263182792587,12
197,0.08,6,0.1,921.0163385633472,0.10668874248138989,0.14346614876484237,0.6042452747754647,6
442,0.11,19,0.15,3.133506821360541,0.10507837700681714,0.1413634892919059,0.6018412351943021,12
153,0.07,11,0.1,322.1188630817415,0.10994919446288298,0.15023605885418592,0.5987190768241907,10
910,0.19,8,0.15,0.5498529345358715,0.10628609164244278,0.14419417711573185,0.5984020531785316,8
535,0.13,10,0.2,0.11099493893198134,0.13244880912930554,0.18878211513059892,0.5956539317906984,10
695,0.15,18,0.2,0.13621084350811186,0.10535063995729035,0.14343056499014745,0.5950659119494738,18
796,0.17,11,0.25,0.08050122044912586,0.10279646061995788,0.13927993939640088,0.5944607743137589,11
985,0.2,11,0.1,38.57560575485024,0.10600104993668645,0.1447722326961466,0.594043818590466,10
139,0.07,7,0.2,511.6240331597878,0.10277101606033058,0.13982711235764,0.5919525524393628,7
978,0.2,9,0.15,0.7003211719239467,0.11181480678701984,0.15542570776804807,0.5907311480546131,9
671,0.15,12,0.2,0.1009999208010995,0.09578929567942497,0.128410035750849,0.5902131810513407,12
655,0.15,8,0.2,0.1297072329781311,0.09812759857800324,0.13244645912316497,0.5898806136096897,8
963,0.2,5,0.2,0.34861762404051444,0.10718595755775277,0.14805811574763592,0.5888630766202689,5
841,0.18,7,0.1,301.67240400821345,0.10291270948528823,0.1409382242479842,0.5882911461932522,7
849,0.18,9,0.1,203.28825166935184,0.1072900977905004,0.14846868963853918,0.5879360692346397,8
141,0.07,8,0.1,643.3478270715067,0.12040789870183653,0.1710615144193611,0.5869695415865683,8
258,0.09,5,0.15,800.277363252295,0.11263133810290105,0.15861224004773966,0.5840112848480076,5
982,0.2,10,0.15,2.609489475698949,0.12312184853760758,0.17682126217519772,0.5831982379779224,9
1011,0.2,17,0.2,0.06940459466433485,0.10156453904081296,0.1399061412852013,0.5829947012443301,17
228,0.08,13,0.25,0.05550149114321316,0.11708292065639782,0.16654099478092418,0.5829370767486122,13
526,0.13,8,0.15,1.2614739019904535,0.10558654620259679,0.14742574464272257,0.5805400298978353,8
311,0.09,18,0.2,0.16687940357336362,0.0967023999122798,0.1321408606714375,0.5804593637618041,18
464,0.12,8,0.25,41.42732864789486,0.10709645329067272,0.1501790567303385,0.5799507280636548,8
583,0.14,6,0.2,161.34067936372443,0.1048035711085694,0.14638635600522698,0.5793133555803611,6
116,0.06,17,0.25,0.07205812529078273,0.11294386743997033,0.1604995888510109,0.5790910002034246,17
203,0.08,7,0.2,441.9910296262485,0.10290737537411036,0.14460112383446042,0.5733522200631224,7
317,0.09,20,0.1,482.7643927523444,0.1054281608758705,0.14913006295282732,0.572843323367288,8
202,0.08,7,0.15,441.1976661284153,0.10407809427659118,0.1468101094938291,0.5726996224338708,7
765,0.16,20,0.1,204.01543543417836,0.09783884463472658,0.13593617226752186,0.5726131855584402,8
486,0.12,14,0.15,0.10435684244416424,0.11126103818936689,0.15992099010945948,0.5706632889585187,14
611,0.14,13,0.2,0.1715444599552779,0.10053801748299374,0.14116280456828564,0.5705328519740094,13
580,0.14,5,0.25,300.45927046912084,0.12197026712913545,0.17975317902798157,0.5672793531693927,5
915,0.19,9,0.2,2.030523110338563,0.10697370432638366,0.15333668652602375,0.5672074067651305,7
286,0.09,12,0.15,9.762515104397409,0.0915846176920636,0.12648391351807142,0.5659582764399199,12
990,0.2,12,0.15,2.7589265590473344,0.09325657865788901,0.1294592910789749,0.5658657485865562,9
34,0.05,13,0.15,367.52938852792954,0.09325450115169315,0.12974241970925615,0.5646148832113002,13
555,0.13,15,0.2,0.10863378667930869,0.1061583733431965,0.15305537135885533,0.5629228989369384,15
405,0.11,10,0.1,174.2744098559496,0.11353984848333415,0.16677449026287347,0.5608762367427697,9
892,0.18,19,0.25,0.10873732833145901,0.09284169327245632,0.13025494207411126,0.5592240272235622,19
834,0.18,5,0.15,350.74242735307547,0.12364408924950364,0.18546912249851552,0.5588212628241296,5
430,0.11,16,0.15,2.8427870899727745,0.09301897956361518,0.1311226887658414,0.5568752460072894,16
5,0.05,6,0.1,1101.4644716810908,0.1170341244084163,0.1742913841480846,0.5567350611317219,6
995,0.2,13,0.2,0.11968566043030866,0.10539454523540082,0.1541618178920648,0.5539279855611793,13
267,0.09,7,0.2,371.80831862515765,0.09401836033266033,0.1340518420694341,0.5521622022494956,7
112,0.06,16,0.25,44.05447906436741,0.09702417044576614,0.139579006947533,0.5518320564833873,16
346,0.1,11,0.15,20.33785373708382,0.08949038309605546,0.12698654747644705,0.5472263359939308,11
824,0.17,18,0.25,0.0657993504905372,0.09619346096471623,0.13939928961793882,0.546584284421713,18
767,0.16,20,0.2,2.1494511097912583,0.10510713174900586,0.15861222663421484,0.5365735892812129,9
384,0.1,20,0.25,3.580929237216994,0.08570165860696911,0.12244998236728111,0.5365591512287937,14
703,0.15,20,0.2,2.2323031785235323,0.09527814851216526,0.14034166039139512,0.5363920328591242,11
645,0.15,6,0.1,501.4552915154151,0.10548795570854692,0.1604295895561967,0.532869004683213,6
233,0.08,15,0.1,143.7218347058469,0.09751506810489066,0.14562037150614887,0.5323092318962911,11
543,0.13,12,0.2,0.10508077311866196,0.0934835070481467,0.13872654138803475,0.5297004186286496,12
118,0.06,18,0.15,14.371709497024378,0.09150760925192623,0.13511190770039075,0.5292472770830355,17
274,0.09,9,0.15,235.6714048792131,0.0879918732976728,0.1285591822103683,0.5288760563707853,9
785,0.17,9,0.1,104.02273431210855,0.09526754880216969,0.142527017780148,0.5280931992716779,9
467,0.12,9,0.2,2.7624805174892515,0.0903190672870633,0.13371649960068013,0.5258817535387057,9
125,0.06,20,0.1,723.3012505201912,0.09755040334896624,0.14803589365304876,0.5238621623126136,8
1023,0.2,20,0.2,1.5616339795319036,0.10193359672323499,0.15721979304154618,0.5211404692638387,8
272,0.09,8,0.25,281.0638635513936,0.1193314715231503,0.19094128498143229,0.5202199803610287,8
762,0.16,19,0.15,4.0430356916556764,0.088853012708852,0.1323668632491256,0.5201680467358724,10
319,0.09,20,0.2,6.489209423914991,0.09040265470389092,0.13546481012302963,0.5197117586475112,15
874,0.18,15,0.15,0.32875510231780364,0.09143848545245829,0.13765424107980853,0.5189704646371195,15
1016,0.2,18,0.25,0.08940828002762219,0.08980849722349003,0.13462933290619536,0.5185236806612564,18
338,0.1,9,0.15,113.88555081205364,0.0912097938015338,0.13832440179187666,0.5148028321761787,9
719,0.16,8,0.2,0.45037451951640894,0.11168997829707339,0.1781544760310447,0.5146655887618324,8
331,0.1,7,0.2,301.7614103786548,0.08914973990237766,0.1343734032381435,0.5146088305870091,7
581,0.14,6,0.1,561.3253947575906,0.10688137562371808,0.16971807251391877,0.5119158751734754,6
708,0.16,5,0.25,200.7646671712405,0.1192466956171706,0.1943734500853976,0.510598003860953,5
352,0.1,12,0.25,0.10862617453390871,0.09792329685522959,0.15269461654927824,0.5103211797259523,12
582,0.14,6,0.15,261.05725012101107,0.09858948144000096,0.15510122542857455,0.5066980046279008,6
36,0.05,13,0.25,353.0768005637418,0.098002310564972,0.15457004750855222,0.5046405291468659,13
264,0.09,6,0.25,461.51833559847717,0.10104139956352608,0.1613875145460096,0.5021540841712521,6
965,0.2,6,0.1,401.1534541569552,0.11414122053588355,0.18792605224713546,0.500948215588978,6
17,0.05,9,0.1,802.5401453468846,0.09209813302847922,0.14418330970637885,0.5000449301330575,8
127,0.06,20,0.2,168.11019794548722,0.0818403286669367,0.12391327502584301,0.49906136896179565,14
641,0.15,5,0.1,750.5289003958487,0.10070940963825153,0.16220419641780587,0.4975790480189556,5
851,0.18,9,0.2,3.6596086739527958,0.10296653489753539,0.16696341274506385,0.49691446487271346,7
192,0.07,20,0.25,11.009431655753392,0.0864324308479993,0.1345387467093434,0.4937791712265573,16
454,0.12,6,0.15,381.3526299182051,0.12330396344015378,0.20935727003577495,0.49343384838033666,6
662,0.15,10,0.15,2.05836346366556,0.08274079048444606,0.12818630541195797,0.4894500257481735,8
81,0.06,9,0.1,565.5296832622436,0.09953614252144696,0.16313729837186428,0.4875411283331898,9
804,0.17,13,0.25,0.0804663558167645,0.08833406670684175,0.14023829127731136,0.48727110181138716,13
974,0.2,8,0.15,0.5484144299657646,0.07879284933980318,0.12092025997053944,0.48621173452759076,8
609,0.14,13,0.1,43.86782575492716,0.08468118497520259,0.13303359695233263,0.48620188025419286,10
121,0.06,19,0.1,423.59194934157244,0.08086738349092439,0.12640964889616368,0.48150899889708976,10
847,0.18,8,0.2,0.5229277541677456,0.09019289558772275,0.14645273614038143,0.47928702076579677,8
573,0.13,20,0.1,248.09381011314295,0.09046514833888682,0.14708412856678615,0.47908057127245285,8
953,0.19,19,0.1,74.5241101270034,0.08497975655325392,0.13569942898096582,0.47885062627911607,10
496,0.12,16,0.25,0.10602262364992669,0.08298437514456615,0.13164202385426677,0.47845189021320794,16
387,0.11,5,0.2,450.6396676623796,0.09085742301626323,0.14829952048307526,0.4777994074792026,5
191,0.07,20,0.2,29.41387981218655,0.08237257440225931,0.1308155117224406,0.4767980003365279,15
404,0.11,9,0.25,11.958278493434038,0.08425265342643866,0.13527205618032218,0.4749883696658512,9
269,0.09,8,0.1,482.1731337905582,0.0876037819995897,0.1423775372592305,0.47482056018781754,8
70,0.06,6,0.15,741.6489573876349,0.11202337407264575,0.19477717870125316,0.47245460010379375,6
151,0.07,10,0.2,302.57417141823254,0.09174319334211471,0.1525976074751351,0.4701462528094017,10
160,0.07,12,0.25,162.90723354381132,0.09183606855806546,0.1543907041063744,0.4652875247500055,12
173,0.07,16,0.1,335.82133462010296,0.0863857550863949,0.14307904923849973,0.46397956542006297,10
890,0.18,19,0.15,3.160165659972222,0.07839426462097433,0.1267212592088464,0.4608087465792625,11
372,0.1,17,0.25,0.07501987725654141,0.07678939294364766,0.12340643199097802,0.4601817913980319,17
447,0.11,20,0.2,3.986055223235397,0.07768670313484957,0.1257476307970371,0.4587498211235388,14
1015,0.2,18,0.2,0.10116850318083985,0.0800527465166374,0.1311096978807638,0.4580343596798741,18
190,0.07,20,0.15,116.98845645087862,0.08930822056978863,0.15154500479069688,0.4573441445035564,13
971,0.2,7,0.2,0.22897169704789205,0.08701352440734754,0.1468227451825362,0.45642467945980375,7
792,0.17,10,0.25,0.09253268184341452,0.0776560169802857,0.12696999908233525,0.4540916546978782,10
146,0.07,9,0.15,444.9901825446727,0.077638562756339,0.12698769359299306,0.45389093325118385,9
554,0.13,15,0.15,0.9458721953388773,0.08401304832678627,0.1412708002552589,0.45312299647997034,15
818,0.17,17,0.15,1.1141883881442527,0.09226146810754829,0.15949371271596574,0.45306781613539254,17
137,0.07,7,0.1,811.7186596459355,0.0976543412921574,0.1715540032178275,0.45265245832565765,7
273,0.09,9,0.1,294.0681657473709,0.08542065654930005,0.14482532069306953,0.45172112332447045,9
572,0.13,19,0.25,0.09347451527060915,0.0826802091045286,0.13884970163771324,0.4514248742721382,19
889,0.18,19,0.1,133.04934113249445,0.07970794430013022,0.1336140194939974,0.446868857970496,9
576,0.13,20,0.25,2.0701214548129103,0.08093132764760622,0.136398036369181,0.446717044244587,11
390,0.11,6,0.15,441.47141191184386,0.0951427312483813,0.16842373626051804,0.44615285776673674,6
485,0.12,14,0.1,18.753668613065514,0.08130414260242327,0.13862713026985593,0.442223268151672,11
501,0.12,18,0.1,144.89142198945976,0.07698842591051859,0.12919696673470324,0.4410972436182674,9
388,0.11,5,0.25,450.7741252834629,0.07717906328659983,0.12972906464013848,0.44075753914677107,5
1024,0.2,20,0.25,1.8897436033013748,0.07852277372886327,0.1334398643755253,0.4385703927588609,8
497,0.12,17,0.1,65.15075724353571,0.08097838453873953,0.1397414099135367,0.43636588879752364,10
152,0.07,10,0.25,302.520082251526,0.0909866151202558,0.1629451385354932,0.4356473335643167,10
589,0.14,8,0.1,203.74571838994444,0.08593972764361833,0.1535464344483362,0.4294448638975402,8
687,0.15,16,0.2,0.09915994096296492,0.08492141370574294,0.15261486045403977,0.4253937887345782,16
374,0.1,18,0.15,5.946264630856456,0.08116299746347701,0.14485819611402673,0.422226695514915,14
591,0.14,8,0.2,0.17287090436069147,0.07802860056477799,0.13773310889579327,0.421311920060423,8
896,0.18,20,0.25,1.7934301895781461,0.07941729643845331,0.14175964119126974,0.4191411317011186,8
707,0.16,5,0.2,200.64353190652767,0.08843010217711698,0.1633827262364819,0.4188331517866248,5
217,0.08,11,0.1,241.40867349469858,0.08728912824151139,0.1608480661565473,0.4183396782403429,10
505,0.12,19,0.1,145.1161368552572,0.07865468150006871,0.14078791772742758,0.4166172953394133,9
380,0.1,19,0.25,0.1319421868760131,0.08028832251932697,0.14499205589106362,0.41580431526968054,19
509,0.12,20,0.1,279.214228792255,0.07945902710976681,0.1431446480991552,0.4153772278554207,8
829,0.17,20,0.1,303.0315022094611,0.07928410882809293,0.1439874179174288,0.4117311754426353,7
530,0.13,9,0.15,2.0082353192655034,0.08565928669708327,0.15978086627654126,0.4109333503264605,9
773,0.17,6,0.1,401.39297894661166,0.07993434188204736,0.14660230252060194,0.40882265047388877,6
140,0.07,7,0.25,511.6140039933699,0.07898517622124898,0.1446928474538302,0.4076578577256243,7
290,0.09,13,0.15,9.765182460077165,0.07070134223001869,0.12456708340624457,0.40702038486900155,13
237,0.08,16,0.1,244.25022238945522,0.07672215195838737,0.1405544713958524,0.4035599251669284,10
189,0.07,20,0.1,644.6579606304456,0.07520727530090864,0.1372221973736408,0.402320297718199,8
333,0.1,8,0.1,403.1161986709373,0.08208105251312667,0.15517214436838872,0.4000785886269782,8
516,0.13,5,0.25,350.62835372452923,0.10071389568640113,0.20376786975552832,0.39610707901710945,5
602,0.14,11,0.15,5.633156930744138,0.07348672774944404,0.1361516026321954,0.3928468465695179,10
476,0.12,11,0.25,0.08621304308476446,0.08506925322465902,0.16581718666515652,0.39241561464950453,11
178,0.07,17,0.15,6.942076957430838,0.07198753817307582,0.13336167777528338,0.3898236662909691,16
37,0.05,14,0.1,503.3674516973543,0.07646934670244379,0.1455085612978453,0.3880826406279641,10
722,0.16,9,0.15,1.9529203371737898,0.07550922296730792,0.14469909503180314,0.3836183146488072,8
410,0.11,11,0.15,8.310798088007806,0.07004124466916943,0.13045410402221158,0.38359272055288673,11
682,0.15,15,0.15,1.408315467041312,0.07000233893897026,0.1327903348197226,0.37655104196291017,15
165,0.07,14,0.1,233.49050604074725,0.07141096390890413,0.14159024406123683,0.3630967956144579,11
894,0.18,20,0.15,4.307792173261915,0.07190310431367315,0.14394664040790095,0.3605718352758741,10
275,0.09,9,0.2,194.01371452840013,0.07506540067759529,0.15450642464132597,0.3563955402205773,9
407,0.11,10,0.2,0.16524327982880774,0.0694767608105963,0.14270010675593142,0.3467184568769761,10
737,0.16,13,0.1,10.766862895958724,0.0700158479983801,0.144420684274337,0.3463205305368279,11
839,0.18,6,0.2,0.1444816908713505,0.0694684909520126,0.14294010177020303,0.3460784646112844,6
619,0.14,15,0.2,0.11731728087602877,0.06767158085544452,0.13822497099715214,0.34488399969660105,15
1004,0.2,15,0.25,0.1211764595364133,0.07322181536200419,0.1545145120529766,0.3444454158697834,15
86,0.06,10,0.15,453.4081666042367,0.06875958174303778,0.1438498877868687,0.3389615556411215,10
56,0.05,18,0.25,103.29721752562529,0.0687514525647221,0.14557492700008834,0.33488907443994465,18
1022,0.2,20,0.15,1.7179281274995613,0.06616634429786691,0.13807623124487406,0.334354029521506,9
585,0.14,7,0.1,321.77949247273716,0.06993695150301424,0.1512817989458494,0.33009226391397506,7
794,0.17,11,0.15,2.8634245512772685,0.06479439432713714,0.1357161701619471,0.33005937519224854,9
439,0.11,18,0.2,0.08006266644304824,0.06587012889793903,0.14016226947355623,0.32726445619227884,18
332,0.1,7,0.25,301.6544443899962,0.0673833185570767,0.14535900868790255,0.3259744200568434,7
29,0.05,12,0.1,505.65589431852317,0.06555901631873011,0.14780951716664165,0.3082278948747698,10
512,0.12,20,0.25,2.6539501285144986,0.060945806835155276,0.1343956195017267,0.3046662308411712,13
131,0.07,5,0.2,650.6635160605862,0.06670637424690903,0.15342260400363508,0.30442954967575964,5
587,0.14,7,0.2,21.730978736511588,0.06977930988717027,0.16688639436756905,0.29828261360558134,7
586,0.14,7,0.15,21.874241829027046,0.060347241896471226,0.13709553481124628,0.294300189659871,7
406,0.11,10,0.15,11.886950994863687,0.06269905555822237,0.1500129595095128,0.2846357787875966,10
989,0.2,12,0.1,57.05021821567163,0.059182850954631896,0.13877627538147805,0.28234545744165057,10
670,0.15,12,0.15,3.931722886396634,0.060174036161288746,0.14264001931112444,0.2816463174592096,10
76,0.06,7,0.25,582.1278287949357,0.07119523349480451,0.18422415056614766,0.2778964285489937,7
575,0.13,20,0.2,3.651919348001149,0.059137707264486784,0.1428926134719806,0.27389594404864875,11
723,0.16,9,0.2,6.232521516786948,0.06555931610095249,0.16780754063570522,0.27149743049901187,9
150,0.07,10,0.15,353.6220722333098,0.06173804402723608,0.15582846545713336,0.2678460825805779,10
276,0.09,9,0.25,191.86005251758078,0.05932912945876411,0.14802682999358796,0.2656891960766013,9
517,0.13,6,0.1,621.2044759613076,0.06405430707689976,0.16854147766170222,0.2613855514268476,6
198,0.08,6,0.15,621.3253413074149,0.07045858445270131,0.20085118690563697,0.2512237305145104,6
766,0.16,20,0.15,5.370169935279556,0.057502749629773114,0.1495681388529388,0.25074023062256107,9
10,0.05,7,0.15,652.1627173081597,0.054828012933258834,0.1413902425246651,0.24632543456584846,7
653,0.15,8,0.1,202.968513466691,0.05682372649941443,0.1518244376928347,0.2425414976600457,8
135,0.07,6,0.2,581.5055162577047,0.0531815746030082,0.13921478613670762,0.23834806290205557,6
674,0.15,13,0.15,4.901336704045405,0.05411755453194336,0.14606022219151005,0.23358553081761976,9
391,0.11,6,0.2,341.64386559533597,0.05521022372170789,0.1510234453999039,0.23314408983633406,6
409,0.11,11,0.1,44.64903165456722,0.052464490151620934,0.1402954079242379,0.23140094627439525,10
320,0.09,20,0.25,4.683900748128708,0.05223259311545893,0.14246071678278957,0.22625600827633127,15
64,0.05,20,0.25,205.1803259200395,0.052366049271454176,0.15171647685810502,0.21333246026880112,16
322,0.1,5,0.15,750.8395432084264,0.055488297573405614,0.16963111278911935,0.20920865865876664,5
271,0.09,8,0.2,282.4700020425264,0.0517007976997362,0.15428831048578434,0.2054646758391785,8
584,0.14,6,0.25,161.1505196876692,0.05307601749384926,0.16242555063495584,0.20363801978536084,6
836,0.18,5,0.25,100.88805491546633,0.04895730783623286,0.14955647351092716,0.19362122652696226,5
20,0.05,9,0.25,552.4434188395234,0.04657904499313534,0.14679937797225923,0.18105693198616957,9
193,0.08,5,0.1,1100.5524051088012,0.04797810920669048,0.15902303861077874,0.17593745818911863,5
260,0.09,5,0.25,550.7275790577164,0.046609607666777596,0.15449182211299992,0.17223958720167426,5
138,0.07,7,0.15,512.351269706302,0.04423194984759643,0.14262815648854008,0.16989597597122014,7
531,0.13,9,0.2,4.855005121091039,0.04358325244883689,0.14095376251428957,0.16731197541779752,9
284,0.09,11,0.25,12.578390289799472,0.04486471115173791,0.15022655565268334,0.16551475232663884,11
6,0.05,6,0.15,801.0167874783856,0.045700047671878644,0.15564383843759194,0.16512088065846253,6
991,0.2,12,0.2,0.09337137609836299,0.044808711739672415,0.15199165745651116,0.16322416739728524,12
326,0.1,6,0.15,501.09298201276226,0.051280734171649384,0.22537692804778547,0.1387929742525246,6
136,0.07,6,0.25,581.388763396144,0.044185589023337954,0.19012026363531107,0.12721205283899029,6
61,0.05,20,0.1,805.3485461190782,0.03760770939263387,0.14456814154202705,0.12179522545439363,8
73,0.06,7,0.1,881.7673460025405,0.03578179112406953,0.1344919399778229,0.11734376890296828,7
911,0.19,8,0.2,0.23314297631469957,0.038113703876884036,0.1606227147888077,0.11277174527090118,8
453,0.12,6,0.1,681.5687340722432,0.040252574003769886,0.19219101216223763,0.10537732111361024,6
522,0.13,7,0.15,92.45513856917735,0.034185544794315625,0.15410515057908986,0.0920510751328543,7
72,0.06,6,0.25,641.2346939361495,0.032744699945940016,0.14775849297136476,0.08625358644128774,6
219,0.08,11,0.2,123.16971736580906,0.029734025898696708,0.14650669630508792,0.06644082587478742,11
96,0.06,12,0.25,282.8887935729146,0.02786731852792164,0.13971804115410516,0.056308537272178064,12
445,0.11,20,0.1,532.1322591843403,0.02802279544668896,0.15703640542809127,0.05108876139146401,7
62,0.05,20,0.15,516.4975935308418,0.024444291057307964,0.13081731889508869,0.033973262063810857,11
77,0.06,8,0.1,723.2884963893459,0.02321864539524834,0.1371547450407497,0.023467255137925098,8
970,0.2,7,0.15,0.26969535319620375,0.020865467836667654,0.1409119378508795,0.0061419057169133364,7
642,0.15,5,0.15,500.72934673333333,0.014962335296541788,0.1692802468192042,-0.02975931804281082,5
325,0.1,6,0.1,801.6940683121114,0.015339624925402546,0.14356037922151813,-0.03246282226244576,6
265,0.09,7,0.1,672.6672755007183,0.014682259429069536,0.14052596407696955,-0.03784169427948422,7
837,0.18,6,0.1,401.38734839686674,0.011089120329298487,0.20441603181258938,-0.043591882650726214,6
78,0.06,8,0.15,522.4890668108646,0.0067429897231691795,0.19046419992323935,-0.06960368553341598,8
340,0.1,9,0.25,102.06822228515314,-0.0007321739571077262,0.14468800424177694,-0.14328882387833475,9
261,0.09,6,0.1,861.3374717916741,-0.013215025959921077,0.16450498692225615,-0.2019089304302869,6
66,0.06,5,0.15,950.663270576176,-0.01842270319264734,0.14497740913380172,-0.26502545066994876,5
520,0.13,6,0.25,221.69294558214077,-0.035686929808901896,0.17302476067321398,-0.3218437037117244,6
